,distance_tracker,speed_tracker,acceleration_tracker,distance_wheelchair_FT,speed_wheelchair_FT,acceleration_wheelchair_FT,danger_wheelchair_FT,distance_wheelchair_v5,speed_wheelchair_v5,acceleration_wheelchair_v5,danger_wheelchair_v5,distance_drone_FT,speed_drone_FT,acceleration_drone_FT,danger_drone_FT,distance_drone_v5,speed_drone_v5,acceleration_drone_v5,danger_drone_v5,tracker_data,wheelchair_data_FT,wheelchair_data_v5,drone_data_FT,drone_data_v5
2.76,2.5837,-0.0,0.0,,,,,,,,,,0.0,0.0,,,0.0,0.0,,False,False,False,False,False
2.77,2.5837,-0.0,0.0,,0.0,0.0,,,0.0,0.0,,,0.0,0.0,,,0.0,0.0,,True,False,False,False,False
2.78,2.5837,-0.0,0.0,,0.0,0.0,,,0.0,0.0,,,0.0,0.0,,,0.0,0.0,,False,False,False,False,False
2.79,2.5837,-0.0,0.0,,0.0,0.0,,,0.0,0.0,,,0.0,0.0,,,0.0,0.0,,False,False,False,False,False
2.8,2.5837,-0.0,0.0,,0.0,0.0,,,0.0,0.0,,,,,,,,,,False,False,False,False,False
2.81,2.5837,-0.0,0.0,,,,,,,,,,,,,,,,,True,False,False,False,False
2.82,2.5837,-0.0,0.0,,,,,,,,,,,,,,,,,False,False,False,False,False
2.83,2.5837,-0.0,0.0,,,,,,,,,,,,,,,,,False,False,False,False,False
2.84,2.5837,-0.0,0.0,,,,,,,,,,,,,,,,,True,False,False,False,False
2.85,2.5837,-0.0,0.0,,,,,,,,,,,,,,,,,False,False,False,False,False
2.86,2.5837,-0.0,0.0,,,,,,,,,,,,,,,,,False,False,False,False,False
2.87,2.5837,-0.0,0.0,,,,,,,,,,,,,,,,,True,False,False,False,False
2.88,2.5837,-0.0,0.0,,,,,,,,,,,,,,,,,False,False,False,False,False
2.89,2.5837,-0.0,0.0,,,,,,,,,,,,,,,,,False,False,False,False,False
2.9,2.5837,-0.0,0.0,,,,,,,,,,,,,,,,,False,False,False,False,False
2.91,2.5838,-0.0029887603482901307,-0.08932688419492493,,,,,,,,,,,,,,,,,True,False,False,False,False
2.92,2.5838,-0.0029887603482901307,-0.08932688419492493,,,,,,,,,,,,,,,,,False,False,False,False,False
2.93,2.5838,-0.0029887603482901307,-0.08932688419492493,,,,,,,,,,,,,,,,,False,False,False,False,False
2.94,2.5838,-0.0,0.08957017339257453,,,,,,,,,,,,,,,,,True,False,False,False,False
2.95,2.5838,-0.0,0.08957017339257453,,,,,,,,,,,,,,,,,False,False,False,False,False
2.96,2.5838,-0.0,0.08957017339257453,,,,,,,,,,,,,,,,,False,False,False,False,False
2.97,2.5837,0.0030185070705573335,0.09111384934985386,,,,,,,,,,,,,,,,,True,False,False,False,False
2.98,2.5837,0.0030185070705573335,0.09111384934985386,,,,,,,,,,,,,,,,,False,False,False,False,False
2.99,2.5837,0.0030185070705573335,0.09111384934985386,,,,,,,,,,,,,,,,,False,False,False,False,False
3.0,2.5837,0.0030185070705573335,0.09111384934985386,,,,,,,,,,,,,,,,,False,False,False,False,False
3.01,2.5831,0.017963073668718823,0.44741725124979836,,,,,,,,,,,,,,,,,False,False,False,False,False
3.02,2.5831,0.017963073668718823,0.44741725124979836,,,,,,,,,,,,,,,,,False,False,False,False,False
3.03,2.5831,0.017963073668718823,0.44741725124979836,,,,,,,,,,,,,,,,,False,False,False,False,False
3.04,2.5808,0.0681801797016088,1.48861361452923,,,,,,,,,,,,,,,,,False,False,False,False,False
3.05,2.5808,0.0681801797016088,1.48861361452923,,,,,,,,,,,,,,,,,False,False,False,False,False
3.06,2.5808,0.0681801797016088,1.48861361452923,,,,,,,,,,,,,,,,,False,False,False,False,False
3.07,2.5762,0.13942016728480094,2.1591936926556357,,,,,,,,,,,,,,,,,True,False,False,False,False
3.08,2.5762,0.13942016728480094,2.1591936926556357,,,,,,,,,,,,,,,,,False,False,False,False,False
3.09,2.5762,0.13942016728480094,2.1591936926556357,,,,,,,,,,,,,,,,,False,False,False,False,False
3.1,2.5762,0.13942016728480094,2.1591936926556357,,,,,,,,,,,,,,,,,False,False,False,False,False
3.11,2.5688,0.22093667596591465,2.433781954642123,,,,,,,,,,,,,,,,,True,False,False,False,False
3.12,2.5688,0.22093667596591465,2.433781954642123,,,,,,,,,,,,,,,,,False,False,False,False,False
3.13,2.5688,0.22093667596591465,2.433781954642123,,,,,,,,,,,,,,,,,False,False,False,False,False
3.14,2.5586,0.3093170667329042,2.68015325772095,,,,,,,,,,,,,,,,,False,False,False,False,False
3.15,2.5586,0.3093170667329042,2.68015325772095,,,,,,,,,,,,,,,,,False,False,False,False,False
3.16,2.5586,0.3093170667329042,2.68015325772095,,,,,,,,,,,,,,,,,False,False,False,False,False
3.17,2.5457,0.3843297384698774,2.2348527527594855,,,,,,,,,,,,,,,,,False,False,False,False,False
3.18,2.5457,0.3843297384698774,2.2348527527594855,,,,,,,,,,,,,,,,,False,False,False,False,False
3.19,2.5457,0.3843297384698774,2.2348527527594855,,,,,,,,,,,,,,,,,False,False,False,False,False
3.2,2.5457,0.3843297384698774,2.2348527527594855,,,,,,,,,,,,,,,,,False,False,False,False,False
3.21,2.5302,0.46692327564933644,2.488054511438552,,,,,,,,,,,,,,,,,True,False,False,False,False
3.22,2.5302,0.46692327564933644,2.488054511438552,,,,,,,,,,,,,,,,,False,False,False,False,False
3.23,2.5302,0.46692327564933644,2.488054511438552,,,,,,,,,,,,,,,,,False,False,False,False,False
3.24,2.5121,0.5407794298738652,2.206623700233032,,,,,,,,,,,,,,,,,True,False,False,False,False
3.25,2.5121,0.5407794298738652,2.206623700233032,,,,,,,,,,,,,,,,,False,False,False,False,False
3.26,2.5121,0.5407794298738652,2.206623700233032,,,,,,,,,,,,,,,,,False,False,False,False,False
3.27,2.4915,0.6212843576281726,2.427983122608561,,,,,,,,,,,,,,,,,True,False,False,False,False
3.28,2.4915,0.6212843576281726,2.427983122608561,,,,,,,,,,,,,,,,,False,False,False,False,False
3.29,2.4915,0.6212843576281726,2.427983122608561,,,,,,,,,,,,,,,,,False,False,False,False,False
3.3,2.4915,0.6212843576281726,2.427983122608561,,,,,,,,,,,,,,,,,False,False,False,False,False
3.31,2.4684,0.6926400488194246,2.1395588497944953,,,,,,,,,,,,,,,,,True,False,False,False,False
3.32,2.4684,0.6926400488194246,2.1395588497944953,,,,,,,,,,,,,,,,,False,False,False,False,False
3.33,2.4684,0.6926400488194246,2.1395588497944953,,,,,,,,,,,,,,,,,False,False,False,False,False
3.34,2.4431,0.7542692234306466,1.83735137054063,,,,,,,,,,,,,,,,,True,False,False,False,False
3.35,2.4431,0.7542692234306466,1.83735137054063,,,,,,,,,,,,,,,,,False,False,False,False,False
3.36,2.4431,0.7542692234306466,1.83735137054063,,,,,,,,,,,,,,,,,False,False,False,False,False
3.37,2.4159,0.8209958583173526,2.014054811817662,,,,,,,,,,,,,,,,,False,False,False,False,False
3.38,2.4159,0.8209958583173526,2.014054811817662,,,,,,,,,,,,,,,,,False,False,False,False,False
3.39,2.4159,0.8209958583173526,2.014054811817662,,,,,,,,,,,,,,,,,False,False,False,False,False
3.4,2.4159,0.8209958583173526,2.014054811817662,,,,,,,,,,,,,,,,,False,False,False,False,False
3.41,2.3871,0.8568360282413203,1.0662898905953693,,,,,,,,,,,,,,,,,True,False,False,False,False
3.42,2.3871,0.8568360282413203,1.0662898905953693,,,,,,,,,,,,,,,,,False,False,False,False,False
3.43,2.3871,0.8568360282413203,1.0662898905953693,,,,,,,,,,,,,,,,,False,False,False,False,False
3.44,2.3574,0.8940784910604238,1.1211341737601992,2.9839940105214264,,,,,,,,,,,,,,,,False,True,False,False,False
3.45,2.3574,0.8940784910604238,1.1211341737601992,2.9839940105214264,,,,,,,,,,,,,,,,False,False,False,False,False
3.46,2.3574,0.8940784910604238,1.1211341737601992,2.9839940105214264,,,,,,,,2.807062213706682,,,,,,,,False,False,False,True,False
3.47,2.3274,0.899463488018672,0.16145360490119517,2.898308891931689,3.2213458176487633,,0.7985434797880958,,,,,2.807062213706682,,,,,,,,True,False,False,False,False
3.48,2.3274,0.899463488018672,0.16145360490119517,2.898308891931689,3.2213458176487633,,0.7985434797880958,,,,,2.807062213706682,,,,,,,,False,False,False,False,False
3.49,2.3274,0.899463488018672,0.16145360490119517,2.898308891931689,3.2213458176487633,,0.7985434797880958,,,,,2.7675253076421846,1.3607020142064121,,0.8236021706771656,,,,,False,False,False,True,False
3.5,2.3274,0.899463488018672,0.16145360490119517,2.863566770880402,0.9911151141957173,-63.623500564993854,0.7244631535203344,,,,,2.7675253076421846,1.3607020142064121,,0.8236021706771656,,,,,False,True,False,False,False
3.51,2.2979,0.8956642804955782,-0.11534964313983737,2.863566770880402,0.9911151141957173,-63.623500564993854,0.7244631535203344,,,,,2.7675253076421846,1.3607020142064121,,0.8236021706771656,,,,,True,False,False,False,False
3.52,2.2979,0.8956642804955782,-0.11534964313983737,2.863566770880402,0.9911151141957173,-63.623500564993854,0.7244631535203344,,,,,2.755429406415805,0.3707742312986668,-30.34413938073032,0.5062297408442223,,,,,False,False,False,True,False
3.53,2.2979,0.8956642804955782,-0.11534964313983737,2.863566770880402,0.9911151141957173,-63.623500564993854,0.7244631535203344,,,,,2.755429406415805,0.3707742312986668,-30.34413938073032,0.5062297408442223,,,,,False,False,False,False,False
3.54,2.2691,0.8520468057711897,-1.2904211810666977,,,,,,,,,2.755429406415805,0.3707742312986668,-30.34413938073032,0.5062297408442223,,,,,False,False,False,False,False
3.55,2.2691,0.8520468057711897,-1.2904211810666977,,,,,,,,,2.762991082680112,0.0,-10.867036127571167,-0.08245171299755528,,,,,False,False,False,True,False
3.56,2.2691,0.8520468057711897,-1.2904211810666977,,,,,,,,,2.762991082680112,0.0,-10.867036127571167,-0.08245171299755528,,,,,False,False,False,False,False
3.57,2.2415,0.8260987832163588,-0.7766532557759582,,,,,,,,,2.762991082680112,0.0,-10.867036127571167,-0.08245171299755528,,,,,True,False,False,False,False
3.58,2.2415,0.8260987832163588,-0.7766532557759582,,,,,,,,,2.737418168599512,0.9131179958440446,32.60420270080856,0.9127132459811332,,,,,False,False,False,True,False
3.59,2.2415,0.8260987832163588,-0.7766532557759582,,,,,,,,,2.737418168599512,0.9131179958440446,32.60420270080856,0.9127132459811332,,,,,False,False,False,False,False
3.6,2.2415,0.8260987832163588,-0.7766532557759582,,,,,,,,,2.737418168599512,0.9131179958440446,32.60420270080856,0.9127132459811332,,,,,False,False,False,False,False
3.61,2.2152,0.7922022717108059,-1.0210225634133248,,,,,,,,,2.737418168599512,0.9131179958440446,32.60420270080856,0.9127132459811332,,,,,True,False,False,False,False
3.62,2.2152,0.7922022717108059,-1.0210225634133248,,,,,,,,,2.6874065929217252,1.2830702983840334,9.491298859809284,0.9195432479384049,,,,,False,False,False,True,False
3.63,2.2152,0.7922022717108059,-1.0210225634133248,,,,,,,,,2.6874065929217252,1.2830702983840334,9.491298859809284,0.9195432479384049,,,,,False,False,False,False,False
3.64,2.19,0.7559380735530062,-1.0878368291409402,,,,,,,,,2.6874065929217252,1.2830702983840334,9.491298859809284,0.9195432479384049,,,,,False,False,False,False,False
3.65,2.19,0.7559380735530062,-1.0878368291409402,,,,,,,,,2.6874065929217252,1.2830702983840334,9.491298859809284,0.9195432479384049,,,,,False,False,False,False,False
3.66,2.19,0.7559380735530062,-1.0878368291409402,,,,,,,,,2.6311867639191555,1.511176531184234,6.131444932156488,0.901237358984844,,,,,False,False,False,True,False
3.67,2.1656,0.7299836100729153,-0.776489055274689,,,,,,,,,2.6311867639191555,1.511176531184234,6.131444932156488,0.901237358984844,,,,,False,False,False,False,False
3.68,2.1656,0.7299836100729153,-0.776489055274689,,,,,,,,,2.5776771374656207,2.079696518955287,22.09600623077897,0.9514329917859572,,,,,False,False,False,True,False
3.69,2.1656,0.7299836100729153,-0.776489055274689,,,,,,,,,2.5776771374656207,2.079696518955287,22.09600623077897,0.9514329917859572,,,,,False,False,False,False,False
3.7,2.1656,0.7299836100729153,-0.776489055274689,,,,,,,,,2.5776771374656207,2.079696518955287,22.09600623077897,0.9514329917859572,,,,,False,False,False,False,False
3.71,2.1417,0.7237778027583621,-0.18793412478950378,,,,,,,,,2.5776771374656207,2.079696518955287,22.09600623077897,0.9514329917859572,,,,,True,False,False,False,False
3.72,2.1417,0.7237778027583621,-0.18793412478950378,,,,,,,,,2.547130984211243,0.9043984958381702,-34.79776178089977,0.7850036004080515,,,,,False,False,False,True,False
3.73,2.1417,0.7237778027583621,-0.18793412478950378,,,,,,,,,2.547130984211243,0.9043984958381702,-34.79776178089977,0.7850036004080515,,,,,False,False,False,False,False
3.74,2.1179,0.7142651352182,-0.28548599860754875,,,,,,,,,2.547130984211243,0.9043984958381702,-34.79776178089977,0.7850036004080515,,,,,True,False,False,False,False
3.75,2.1179,0.7142651352182,-0.28548599860754875,,,,,,,,,2.548746154160411,0.0,-25.948662644278148,-0.08718360509348336,,,,,False,False,False,True,False
3.76,2.1179,0.7142651352182,-0.28548599860754875,,,,,,,,,2.548746154160411,0.0,-25.948662644278148,-0.08718360509348336,,,,,False,False,False,False,False
3.77,2.0937,0.722048028964027,0.2322158301161494,,,,,,,,,2.548746154160411,0.0,-25.948662644278148,-0.08718360509348336,,,,,True,False,False,False,False
3.78,2.0937,0.722048028964027,0.2322158301161494,,,,,,,,,2.548746154160411,0.0,-25.948662644278148,-0.08718360509348336,,,,,False,False,False,False,False
3.79,2.0937,0.722048028964027,0.2322158301161494,,,,,,,,,2.5583028973622395,0.0,0.0,0.0,,,,,False,False,False,True,False
3.8,2.0937,0.722048028964027,0.2322158301161494,,,,,,,,,2.5583028973622395,0.0,0.0,0.0,,,,,False,False,False,False,False
3.81,2.0689,0.7454790303963031,0.7043274285865997,2.4640314184874432,,,,,,,,2.5583028973622395,0.0,0.0,0.0,,,,,False,True,False,False,False
3.82,2.0689,0.7454790303963031,0.7043274285865997,2.4640314184874432,,,,,,,,2.5478908060243217,0.33138790536156776,10.547155250166014,0.6324981326271895,,,,,False,False,False,True,False
3.83,2.0689,0.7454790303963031,0.7043274285865997,2.4640314184874432,,,,,,,,2.5478908060243217,0.33138790536156776,10.547155250166014,0.6324981326271895,,,,,False,False,False,False,False
3.84,2.0433,0.7638544093495936,0.548285712380487,2.4256638794973893,1.19136088378297,,0.9032355922288194,,,,,2.5478908060243217,0.33138790536156776,10.547155250166014,0.6324981326271895,,,,,False,True,False,False,False
3.85,2.0433,0.7638544093495936,0.548285712380487,2.4256638794973893,1.19136088378297,,0.9032355922288194,,,,,2.536627997411963,0.3155416856157024,-0.44395168748233044,0.5161993865336603,,,,,False,False,False,True,False
3.86,2.0433,0.7638544093495936,0.548285712380487,2.4256638794973893,1.19136088378297,,0.9032355922288194,,,,,2.536627997411963,0.3155416856157024,-0.44395168748233044,0.5161993865336603,,,,,False,False,False,False,False
3.87,2.0171,0.7810949735166934,0.5139892370806803,2.3794858929658877,1.5368204192468338,11.497020723547966,1.0075556579337808,,,,,2.536627997411963,0.3155416856157024,-0.44395168748233044,0.5161993865336603,,,,,False,True,False,False,False
3.88,2.0171,0.7810949735166934,0.5139892370806803,2.3794858929658877,1.5368204192468338,11.497020723547966,1.0075556579337808,,,,,2.494079675734525,1.548868028670018,44.89624188129345,0.973890158280528,,,,,False,False,False,True,False
3.89,2.0171,0.7810949735166934,0.5139892370806803,2.3794858929658877,1.5368204192468338,11.497020723547966,1.0075556579337808,,,,,2.494079675734525,1.548868028670018,44.89624188129345,0.973890158280528,,,,,False,False,False,False,False
3.9,2.0171,0.7810949735166934,0.5139892370806803,2.333622050691267,1.305342401238915,-6.588154347192205,0.8714700893426172,,,,,2.494079675734525,1.548868028670018,44.89624188129345,0.973890158280528,,,,,False,True,False,False,False
3.91,1.9902,0.8189267176881493,1.1517258765333809,2.333622050691267,1.305342401238915,-6.588154347192205,0.8714700893426172,,,,,2.4404473281945624,1.691901196662879,4.5121647511194,0.9343699629173712,,,,,False,False,False,True,False
3.92,1.9902,0.8189267176881493,1.1517258765333809,2.333622050691267,1.305342401238915,-6.588154347192205,0.8714700893426172,,,,,2.4404473281945624,1.691901196662879,4.5121647511194,0.9343699629173712,,,,,False,False,False,False,False
3.93,1.9902,0.8189267176881493,1.1517258765333809,2.333622050691267,1.305342401238915,-6.588154347192205,0.8714700893426172,,,,,2.4404473281945624,1.691901196662879,4.5121647511194,0.9343699629173712,,,,,False,False,False,False,False
3.94,1.963,0.8116759102229089,-0.21637153489706287,2.305608824723066,0.8280551796705536,-14.108341411977497,0.8437684911401484,,,,,2.4153591001239167,0.8894294171654584,-28.449279284304165,0.8154247490607358,,,,,False,False,False,True,False
3.95,1.963,0.8116759102229089,-0.21637153489706287,2.305608824723066,0.8280551796705536,-14.108341411977497,0.8437684911401484,,,,,2.4153591001239167,0.8894294171654584,-28.449279284304165,0.8154247490607358,,,,,False,False,False,False,False
3.96,1.963,0.8116759102229089,-0.21637153489706287,2.305608824723066,0.8280551796705536,-14.108341411977497,0.8437684911401484,,,,,2.4153591001239167,0.8894294171654584,-28.449279284304165,0.8154247490607358,,,,,False,False,False,False,False
3.97,1.9355,0.8241982199716107,0.37530419653866065,,,,,,,,,2.4153591001239167,0.8894294171654584,-28.449279284304165,0.8154247490607358,,,,,True,False,False,False,False
3.98,1.9355,0.8241982199716107,0.37530419653866065,,,,,,,,,2.3883293842356683,0.6171555776346631,-6.216688307237865,0.8605316831963074,,,,,False,False,False,True,False
3.99,1.9355,0.8241982199716107,0.37530419653866065,2.2867322344869976,0.3520020269891951,-8.877221606381339,0.550492308949935,,,,,2.3883293842356683,0.6171555776346631,-6.216688307237865,0.8605316831963074,,,,,False,True,False,False,False
4.0,1.9355,0.8241982199716107,0.37530419653866065,2.2867322344869976,0.3520020269891951,-8.877221606381339,0.550492308949935,,,,,2.3883293842356683,0.6171555776346631,-6.216688307237865,0.8605316831963074,,,,,False,False,False,False,False
4.01,1.9083,0.8195520039492735,-0.13999322249587,2.2660871949082173,1.0935020929722545,39.27490044266822,1.044685866442001,,,,,2.3883293842356683,0.6171555776346631,-6.216688307237865,0.8605316831963074,,,,,True,False,False,False,False
4.02,1.9083,0.8195520039492735,-0.13999322249587,2.2660871949082173,1.0935020929722545,39.27490044266822,1.044685866442001,,,,,,,,,,,,,False,False,False,False,False
4.03,1.9083,0.8195520039492735,-0.13999322249587,2.2660871949082173,1.0935020929722545,39.27490044266822,1.044685866442001,,,,,2.3456119689157524,0.9891924949813937,8.615130942246426,1.003976269918645,,,,,False,False,False,True,False
4.04,1.8812,0.8123906420272309,-0.21467983061393206,2.234621220862865,1.0066333708531725,-2.7790321838568794,0.9408050832633161,,,,,2.3456119689157524,0.9891924949813937,8.615130942246426,1.003976269918645,,,,,True,False,False,False,False
4.05,1.8812,0.8123906420272309,-0.21467983061393206,2.234621220862865,1.0066333708531725,-2.7790321838568794,0.9408050832633161,,,,,2.3041500370098773,2.269119473034652,70.04756161763669,1.0317583612736234,,,,,False,False,False,True,False
4.06,1.8812,0.8123906420272309,-0.21467983061393206,2.234621220862865,1.0066333708531725,-2.7790321838568794,0.9408050832633161,,,,,2.3041500370098773,2.269119473034652,70.04756161763669,1.0317583612736234,,,,,False,False,False,False,False
4.07,1.8547,0.8004982059173882,-0.3592405196194812,2.206444227536778,0.957965291916405,-1.6546240369268597,0.9620200296288868,,,,,2.3041500370098773,2.269119473034652,70.04756161763669,1.0317583612736234,,,,,True,False,False,False,False
4.08,1.8547,0.8004982059173882,-0.3592405196194812,2.206444227536778,0.957965291916405,-1.6546240369268597,0.9620200296288868,,,,,2.2610629503458632,1.158330745279214,-29.861864295951886,0.8561696236394911,,,,,False,False,False,True,False
4.09,1.8547,0.8004982059173882,-0.3592405196194812,2.206444227536778,0.957965291916405,-1.6546240369268597,0.9620200296288868,,,,,2.2610629503458632,1.158330745279214,-29.861864295951886,0.8561696236394911,,,,,False,False,False,False,False
4.1,1.8288,0.7674419707198505,-0.9794881190956426,2.206444227536778,0.957965291916405,-1.6546240369268597,0.9620200296288868,,,,,2.2610629503458632,1.158330745279214,-29.861864295951886,0.8561696236394911,,,,,True,False,False,False,False
4.11,1.8288,0.7674419707198505,-0.9794881190956426,,,,,,,,,2.2610629503458632,1.158330745279214,-29.861864295951886,0.8561696236394911,,,,,False,False,False,False,False
4.12,1.8288,0.7674419707198505,-0.9794881190956426,2.160569463853155,0.9504271958373538,-0.15617326266299308,0.9847973405732028,,,,,2.211819923932621,1.4835725948211873,9.798745727367978,1.0618393843761214,,,,,False,False,False,True,False
4.13,1.8288,0.7674419707198505,-0.9794881190956426,2.160569463853155,0.9504271958373538,-0.15617326266299308,0.9847973405732028,,,,,2.211819923932621,1.4835725948211873,9.798745727367978,1.0618393843761214,,,,,False,False,False,False,False
4.14,1.8034,0.7599242517079792,-0.2249172045136685,2.1498266894169573,0.5519540516835462,-20.47319039499611,0.889734025207838,,,,,2.170716988020967,1.4007026564848994,-2.8240353200041635,0.9613646388907562,,,,,True,False,False,False,False
4.15,1.8034,0.7599242517079792,-0.2249172045136685,2.1498266894169573,0.5519540516835462,-20.47319039499611,0.889734025207838,,,,,2.170716988020967,1.4007026564848994,-2.8240353200041635,0.9613646388907562,,,,,False,False,False,False,False
4.16,1.8034,0.7599242517079792,-0.2249172045136685,2.1498266894169573,0.5519540516835462,-20.47319039499611,0.889734025207838,,,,,2.170716988020967,1.4007026564848994,-2.8240353200041635,0.9613646388907562,,,,,False,False,False,False,False
4.17,1.7785,0.749465441516413,-0.3147998714039558,2.083948950591039,2.145280001406757,51.885968713893405,1.1141614695685036,,,,,,,,,,,,,False,True,False,False,False
4.18,1.7785,0.749465441516413,-0.3147998714039558,2.083948950591039,2.145280001406757,51.885968713893405,1.1141614695685036,,,,,2.1134377184671083,1.5442233006064168,3.869251903816541,1.0337239853475757,,,,,False,False,False,True,False
4.19,1.7785,0.749465441516413,-0.3147998714039558,2.083948950591039,2.145280001406757,51.885968713893405,1.1141614695685036,,,,,2.1134377184671083,1.5442233006064168,3.869251903816541,1.0337239853475757,,,,,False,False,False,False,False
4.2,1.7785,0.749465441516413,-0.3147998714039558,1.9779582449288788,3.203619659948862,31.988821244535792,1.161565165878637,,,,,2.1134377184671083,1.5442233006064168,3.869251903816541,1.0337239853475757,,,,,False,True,False,False,False
4.21,1.7537,0.745880813058212,-0.10781070923042838,1.9779582449288788,3.203619659948862,31.988821244535792,1.161565165878637,,,,,2.1134377184671083,1.5442233006064168,3.869251903816541,1.0337239853475757,,,,,True,False,False,False,False
4.22,1.7537,0.745880813058212,-0.10781070923042838,1.9779582449288788,3.203619659948862,31.988821244535792,1.161565165878637,,,,,2.0669659782564214,1.3702463405645728,-5.129812048335212,0.9726500977764886,,,,,False,False,False,True,False
4.23,1.7537,0.745880813058212,-0.10781070923042838,1.9779582449288788,3.203619659948862,31.988821244535792,1.161565165878637,,,,,2.0669659782564214,1.3702463405645728,-5.129812048335212,0.9726500977764886,,,,,False,False,False,False,False
4.24,1.7291,0.7338593891998716,-0.3586192995932702,1.9779582449288788,3.203619659948862,31.988821244535792,1.161565165878637,,,,,2.0669659782564214,1.3702463405645728,-5.129812048335212,0.9726500977764886,,,,,True,False,False,False,False
4.25,1.7291,0.7338593891998716,-0.3586192995932702,1.972239901141942,0.12816671974731791,-68.93092296817376,0.07801183283345599,,,,,2.045407247289698,0.5599507486203825,-21.046026503753254,0.9251403178963659,,,,,False,True,False,False,False
4.26,1.7291,0.7338593891998716,-0.3586192995932702,1.972239901141942,0.12816671974731791,-68.93092296817376,0.07801183283345599,,,,,2.045407247289698,0.5599507486203825,-21.046026503753254,0.9251403178963659,,,,,False,False,False,False,False
4.27,1.7043,0.7464037784404066,0.37754756158719627,1.968848793629524,0.15316544742305876,1.1291123314258633,0.24451652404742652,,,,,2.045407247289698,0.5599507486203825,-21.046026503753254,0.9251403178963659,,,,,False,True,False,False,False
4.28,1.7043,0.7464037784404066,0.37754756158719627,1.968848793629524,0.15316544742305876,1.1291123314258633,0.24451652404742652,,,,,2.0217321441435603,0.8548400579063675,10.647607010198978,1.1412734649923904,,,,,False,False,False,True,False
4.29,1.7043,0.7464037784404066,0.37754756158719627,1.968848793629524,0.15316544742305876,1.1291123314258633,0.24451652404742652,,,,,2.0217321441435603,0.8548400579063675,10.647607010198978,1.1412734649923904,,,,,False,False,False,False,False
4.3,1.7043,0.7464037784404066,0.37754756158719627,1.9151326139696128,1.7582438980771242,52.5376043059101,1.1926369686164082,,,,,2.0217321441435603,0.8548400579063675,10.647607010198978,1.1412734649923904,,,,,False,True,False,False,False
4.31,1.6793,0.7626534580782053,0.4957149747372077,1.9151326139696128,1.7582438980771242,52.5376043059101,1.1926369686164082,,,,,2.0217321441435603,0.8548400579063675,10.647607010198978,1.1412734649923904,,,,,True,False,False,False,False
4.32,1.6793,0.7626534580782053,0.4957149747372077,1.9151326139696128,1.7582438980771242,52.5376043059101,1.1926369686164082,,,,,1.9841737156353942,0.9976581282089567,3.793652033697768,1.0859846715512775,,,,,False,False,False,True,False
4.33,1.6793,0.7626534580782053,0.4957149747372077,1.9151326139696128,1.7582438980771242,52.5376043059101,1.1926369686164082,,,,,1.9841737156353942,0.9976581282089567,3.793652033697768,1.0859846715512775,,,,,False,False,False,False,False
4.34,1.6539,0.7564307333399548,-0.18531733217037274,1.8635634925284679,1.194671240915643,-13.05595338570277,0.9982151005766494,,,,,1.9841737156353942,0.9976581282089567,3.793652033697768,1.0859846715512775,,,,,False,True,False,False,False
4.35,1.6539,0.7564307333399548,-0.18531733217037274,1.8635634925284679,1.194671240915643,-13.05595338570277,0.9982151005766494,,,,,1.9504535756218746,1.0209452779696393,0.7050654468222393,1.0680661372264684,,,,,False,False,False,True,False
4.36,1.6539,0.7564307333399548,-0.18531733217037274,1.8635634925284679,1.194671240915643,-13.05595338570277,0.9982151005766494,,,,,1.9504535756218746,1.0209452779696393,0.7050654468222393,1.0680661372264684,,,,,False,False,False,False,False
4.37,1.6281,0.766718018943274,0.3057150092279293,1.851671289912761,0.42344779103410646,-27.461091674868637,0.8139028824162651,,,,,1.9504535756218746,1.0209452779696393,0.7050654468222393,1.0680661372264684,,,,,False,True,False,False,False
4.38,1.6281,0.766718018943274,0.3057150092279293,1.851671289912761,0.42344779103410646,-27.461091674868637,0.8139028824162651,,,,,1.944981230366643,0.2037026144069317,-30.421046079549804,0.2585967722203641,,,,,False,False,False,True,False
4.39,1.6281,0.766718018943274,0.3057150092279293,1.851671289912761,0.42344779103410646,-27.461091674868637,0.8139028824162651,,,,,1.944981230366643,0.2037026144069317,-30.421046079549804,0.2585967722203641,,,,,False,False,False,False,False
4.4,1.6281,0.766718018943274,0.3057150092279293,1.827749946770993,0.8291502581925835,14.062266629438001,1.2401838147865554,,,,,1.944981230366643,0.2037026144069317,-30.421046079549804,0.2585967722203641,,,,,False,True,False,False,False
4.41,1.6021,0.7820681636173212,0.46172536371124395,1.827749946770993,0.8291502581925835,14.062266629438001,1.2401838147865554,,,,,1.944981230366643,0.2037026144069317,-30.421046079549804,0.2585967722203641,,,,,True,False,False,False,False
4.42,1.6021,0.7820681636173212,0.46172536371124395,1.827749946770993,0.8291502581925835,14.062266629438001,1.2401838147865554,,,,,1.9326984548379218,0.34396191803820664,3.9277652666456873,0.7379640330123588,,,,,False,False,False,True,False
4.43,1.6021,0.7820681636173212,0.46172536371124395,1.827749946770993,0.8291502581925835,14.062266629438001,1.2401838147865554,,,,,1.9326984548379218,0.34396191803820664,3.9277652666456873,0.7379640330123588,,,,,False,False,False,False,False
4.44,1.5759,0.7878171475197953,0.17286824806046974,1.827749946770993,0.8291502581925835,14.062266629438001,1.2401838147865554,,,,,1.9326984548379218,0.34396191803820664,3.9277652666456873,0.7379640330123588,,,,,True,False,False,False,False
4.45,1.5759,0.7878171475197953,0.17286824806046974,1.7958619479866924,0.6413573232578724,-3.777043987337437,1.1091859107280986,,,,,1.901879357459625,0.8111135757095959,12.294748506143543,1.1995080811162575,,,,,False,False,False,True,False
4.46,1.5759,0.7878171475197953,0.17286824806046974,1.7958619479866924,0.6413573232578724,-3.777043987337437,1.1091859107280986,,,,,1.901879357459625,0.8111135757095959,12.294748506143543,1.1995080811162575,,,,,False,False,False,False,False
4.47,1.5497,0.7834988210435894,-0.1291375459155967,1.7911872213525784,0.1793407147298525,-17.724755964512283,0.21498723682875276,,,,,1.901879357459625,0.8111135757095959,12.294748506143543,1.1995080811162575,,,,,False,True,False,False,False
4.48,1.5497,0.7834988210435894,-0.1291375459155967,1.7911872213525784,0.1793407147298525,-17.724755964512283,0.21498723682875276,,,,,1.8861461850822625,0.518171279449199,-9.64804051066285,0.9925076537692832,,,,,False,False,False,True,False
4.49,1.5497,0.7834988210435894,-0.1291375459155967,1.7911872213525784,0.1793407147298525,-17.724755964512283,0.21498723682875276,,,,,1.8861461850822625,0.518171279449199,-9.64804051066285,0.9925076537692832,,,,,False,False,False,False,False
4.5,1.5497,0.7834988210435894,-0.1291375459155967,1.7911872213525784,0.1793407147298525,-17.724755964512283,0.21498723682875276,,,,,1.8861461850822625,0.518171279449199,-9.64804051066285,0.9925076537692832,,,,,False,False,False,False,False
4.51,1.5236,0.7841040184579959,0.01818152201519454,1.781323396354594,0.3255728189001484,4.826646699242162,0.7547942195264369,,,,,1.8861461850822625,0.518171279449199,-9.64804051066285,0.9925076537692832,,,,,False,True,False,False,False
4.52,1.5236,0.7841040184579959,0.01818152201519454,1.781323396354594,0.3255728189001484,4.826646699242162,0.7547942195264369,,,,,1.861345504424448,0.7555168476185925,7.23038927575087,1.1870949109675835,,,,,False,False,False,True,False
4.53,1.5236,0.7841040184579959,0.01818152201519454,1.781323396354594,0.3255728189001484,4.826646699242162,0.7547942195264369,,,,,1.861345504424448,0.7555168476185925,7.23038927575087,1.1870949109675835,,,,,False,False,False,False,False
4.54,1.4978,0.7810441434040648,-0.09263168567523641,1.7514482480712408,0.7995053470479245,12.68317019886464,1.2865017995078505,,,,,1.861345504424448,0.7555168476185925,7.23038927575087,1.1870949109675835,,,,,True,False,False,False,False
4.55,1.4978,0.7810441434040648,-0.09263168567523641,1.7514482480712408,0.7995053470479245,12.68317019886464,1.2865017995078505,,,,,1.8210754077863665,1.1410990250011346,10.925909878571225,1.2440452109496707,,,,,False,False,False,True,False
4.56,1.4978,0.7810441434040648,-0.09263168567523641,1.7514482480712408,0.7995053470479245,12.68317019886464,1.2865017995078505,,,,,1.8210754077863665,1.1410990250011346,10.925909878571225,1.2440452109496707,,,,,False,False,False,False,False
4.57,1.4721,0.7679703875399733,-0.3906714925116481,1.698320925923951,2.0645298210109875,49.15890064183684,1.3218305885494093,,,,,1.8210754077863665,1.1410990250011346,10.925909878571225,1.2440452109496707,,,,,True,False,False,False,False
4.58,1.4721,0.7679703875399733,-0.3906714925116481,1.698320925923951,2.0645298210109875,49.15890064183684,1.3218305885494093,,,,,1.77491724254956,1.8058704875232547,26.008208059342447,1.2717306796283772,,,,,False,False,False,True,False
4.59,1.4721,0.7679703875399733,-0.3906714925116481,1.698320925923951,2.0645298210109875,49.15890064183684,1.3218305885494093,,,,,1.77491724254956,1.8058704875232547,26.008208059342447,1.2717306796283772,,,,,False,False,False,False,False
4.6,1.4468,0.7530565165046148,-0.4439125600587419,1.698320925923951,2.0645298210109875,49.15890064183684,1.3218305885494093,,,,,1.77491724254956,1.8058704875232547,26.008208059342447,1.2717306796283772,,,,,True,False,False,False,False
4.61,1.4468,0.7530565165046148,-0.4439125600587419,1.6469415603898294,1.2176737871393222,-20.07020490047647,1.111700682934151,1.8973061257056258,,,,1.7440695843217024,0.8494914623580795,-26.337033775953604,1.0564756874140768,2.0046837158224085,,,,False,False,False,True,True
4.62,1.4468,0.7530565165046148,-0.4439125600587419,1.6469415603898294,1.2176737871393222,-20.07020490047647,1.111700682934151,1.8973061257056258,,,,1.7440695843217024,0.8494914623580795,-26.337033775953604,1.0564756874140768,2.0046837158224085,,,,False,False,False,False,False
4.63,1.4468,0.7530565165046148,-0.4439125600587419,1.6469415603898294,1.2176737871393222,-20.07020490047647,1.111700682934151,1.8973061257056258,,,,1.7440695843217024,0.8494914623580795,-26.337033775953604,1.0564756874140768,2.0046837158224085,,,,False,False,False,False,False
4.64,1.4218,0.7488229701026815,-0.1268070716305278,1.59634739734049,1.7634192534529118,19.021523527200383,1.3980749439316698,1.8486989700200054,1.6941636944960883,,1.116623185930235,1.7440695843217024,0.8494914623580795,-26.337033775953604,1.0564756874140768,2.0046837158224085,,,,True,False,False,False,False
4.65,1.4218,0.7488229701026815,-0.1268070716305278,1.59634739734049,1.7634192534529118,19.021523527200383,1.3980749439316698,1.8486989700200054,1.6941636944960883,,1.116623185930235,1.7101068984877772,0.9111914499527667,1.6553608696728046,1.2030200950251495,,,,,False,False,False,True,False
4.66,1.4218,0.7488229701026815,-0.1268070716305278,1.59634739734049,1.7634192534529118,19.021523527200383,1.3980749439316698,1.8486989700200054,1.6941636944960883,,1.116623185930235,1.7101068984877772,0.9111914499527667,1.6553608696728046,1.2030200950251495,,,,,False,False,False,False,False
4.67,1.3971,0.7417880756515735,-0.21127128814977275,1.55382954551886,1.5679672093032917,-7.207852304099652,1.2134589824888204,1.783754886909683,2.3949985333795527,25.845286142786577,1.266292948846988,1.7101068984877772,0.9111914499527667,1.6553608696728046,1.2030200950251495,,,,,False,True,True,False,False
4.68,1.3971,0.7417880756515735,-0.21127128814977275,1.55382954551886,1.5679672093032917,-7.207852304099652,1.2134589824888204,1.783754886909683,2.3949985333795527,25.845286142786577,1.266292948846988,1.6681123713202224,1.5108136247514106,21.572271733750572,1.3431860147091848,,,,,False,False,False,True,False
4.69,1.3971,0.7417880756515735,-0.21127128814977275,1.55382954551886,1.5679672093032917,-7.207852304099652,1.2134589824888204,1.783754886909683,2.3949985333795527,25.845286142786577,1.266292948846988,1.6681123713202224,1.5108136247514106,21.572271733750572,1.3431860147091848,,,,,False,False,False,False,False
4.7,1.3971,0.7417880756515735,-0.21127128814977275,1.5502801477985866,0.10003704874433011,-41.37248417847005,0.01462050956460087,1.739953604839805,1.2345054949635306,-32.70760500813555,1.058659711735005,1.6681123713202224,1.5108136247514106,21.572271733750572,1.3431860147091848,,,,,False,True,True,False,False
4.71,1.3725,0.7417445639168999,-0.0013119753114102873,1.5502801477985866,0.10003704874433011,-41.37248417847005,0.01462050956460087,1.739953604839805,1.2345054949635306,-32.70760500813555,1.058659711735005,1.6681123713202224,1.5108136247514106,21.572271733750572,1.3431860147091848,,,,,True,False,False,False,False
4.72,1.3725,0.7417445639168999,-0.0013119753114102873,1.5502801477985866,0.10003704874433011,-41.37248417847005,0.01462050956460087,1.739953604839805,1.2345054949635306,-32.70760500813555,1.058659711735005,1.635333700511377,0.8637516635099459,-17.05074768515335,1.1188589037544396,,,,,False,False,False,True,False
4.73,1.3725,0.7417445639168999,-0.0013119753114102873,1.5502801477985866,0.10003704874433011,-41.37248417847005,0.01462050956460087,1.739953604839805,1.2345054949635306,-32.70760500813555,1.058659711735005,1.635333700511377,0.8637516635099459,-17.05074768515335,1.1188589037544396,,,,,False,False,False,False,False
4.74,1.3481,0.7329081024552784,-0.265422713207223,1.5140021961067245,0.9030303629456551,19.98810048938949,1.4694421503260116,1.7106786646794443,0.7287114791586493,-12.590218917196482,1.0745733507751114,1.635333700511377,0.8637516635099459,-17.05074768515335,1.1188589037544396,,,,,False,True,True,False,False
4.75,1.3481,0.7329081024552784,-0.265422713207223,1.5140021961067245,0.9030303629456551,19.98810048938949,1.4694421503260116,1.7106786646794443,0.7287114791586493,-12.590218917196482,1.0745733507751114,1.5901993465835742,1.4231659713639675,17.639322102748583,1.4030737123784358,1.8502824893674479,,,,False,False,False,True,True
4.76,1.3481,0.7329081024552784,-0.265422713207223,1.5140021961067245,0.9030303629456551,19.98810048938949,1.4694421503260116,1.7106786646794443,0.7287114791586493,-12.590218917196482,1.0745733507751114,1.5901993465835742,1.4231659713639675,17.639322102748583,1.4030737123784358,1.8502824893674479,,,,False,False,False,False,False
4.77,1.3235,0.7348133789084916,0.05691148895692721,1.4741253882820302,1.315381398275778,13.601863113453975,1.5077993374306984,1.662052024785287,1.6040044593995713,28.872524333236395,1.347588666972405,1.5901993465835742,1.4231659713639675,17.639322102748583,1.4030737123784358,1.8502824893674479,,,,False,True,True,False,False
4.78,1.3235,0.7348133789084916,0.05691148895692721,1.4741253882820302,1.315381398275778,13.601863113453975,1.5077993374306984,1.662052024785287,1.6040044593995713,28.872524333236395,1.347588666972405,1.5901993465835742,1.4231659713639675,17.639322102748583,1.4030737123784358,1.8502824893674479,,,,False,False,False,False,False
4.79,1.3235,0.7348133789084916,0.05691148895692721,1.4741253882820302,1.315381398275778,13.601863113453975,1.5077993374306984,1.662052024785287,1.6040044593995713,28.872524333236395,1.347588666972405,1.5619282488417623,0.7735367600879286,-17.774763468266276,1.1673136704337455,,,,,False,False,False,True,False
4.8,1.3235,0.7348133789084916,0.05691148895692721,1.4741253882820302,1.315381398275778,13.601863113453975,1.5077993374306984,1.6057657974284671,2.0216266905659968,14.99969510742973,1.3905125539107661,1.5619282488417623,0.7735367600879286,-17.774763468266276,1.1673136704337455,,,,,False,False,True,False,False
4.81,1.299,0.7358326093140858,0.030611549748595895,,,,,1.6057657974284671,2.0216266905659968,14.99969510742973,1.3905125539107661,1.53565790342325,0.877921914919079,3.4884206339331034,1.354352504544908,,,,,False,False,False,True,False
4.82,1.299,0.7358326093140858,0.030611549748595895,,,,,1.6057657974284671,2.0216266905659968,14.99969510742973,1.3905125539107661,1.53565790342325,0.877921914919079,3.4884206339331034,1.354352504544908,,,,,False,False,False,False,False
4.83,1.299,0.7358326093140858,0.030611549748595895,,,,,1.6057657974284671,2.0216266905659968,14.99969510742973,1.3905125539107661,1.53565790342325,0.877921914919079,3.4884206339331034,1.354352504544908,,,,,False,False,False,False,False
4.84,1.2744,0.7386202046134192,0.08369813863304965,,,,,1.5474133782067918,1.5474378149820127,-12.5749336070353,1.1776027745952198,1.53565790342325,0.877921914919079,3.4884206339331034,1.354352504544908,,,,,False,False,True,False,False
4.85,1.2744,0.7386202046134192,0.08369813863304965,,,,,1.5474133782067918,1.5474378149820127,-12.5749336070353,1.1776027745952198,1.5218848971058374,0.459388338946616,-13.959874832577327,1.0763607533600994,1.6552844597920662,,,,False,False,False,True,True
4.86,1.2744,0.7386202046134192,0.08369813863304965,,,,,1.5474133782067918,1.5474378149820127,-12.5749336070353,1.1776027745952198,1.5218848971058374,0.459388338946616,-13.959874832577327,1.0763607533600994,1.6552844597920662,,,,False,False,False,False,False
4.87,1.2496,0.7416154393808235,0.08956904629344035,,,,,1.5119636360980104,1.1206878686372708,-13.491028689082867,1.2038223423007615,1.5218848971058374,0.459388338946616,-13.959874832577327,1.0763607533600994,1.6552844597920662,,,,True,False,False,False,False
4.88,1.2496,0.7416154393808235,0.08956904629344035,,,,,1.5119636360980104,1.1206878686372708,-13.491028689082867,1.2038223423007615,1.5078396635648845,0.4035912426022273,-1.6033353508552801,1.0447796160826708,1.5473207619390994,3.1023480560405194,,1.3085213717874353,False,False,False,True,True
4.89,1.2496,0.7416154393808235,0.08956904629344035,,,,,1.5119636360980104,1.1206878686372708,-13.491028689082867,1.2038223423007615,1.5078396635648845,0.4035912426022273,-1.6033353508552801,1.0447796160826708,1.5473207619390994,3.1023480560405194,,1.3085213717874353,False,False,False,False,False
4.9,1.2496,0.7416154393808235,0.08956904629344035,,,,,1.5013188641735646,0.3175393311075142,-23.95835732294988,0.665977269764206,1.5078396635648845,0.4035912426022273,-1.6033353508552801,1.0447796160826708,1.5473207619390994,3.1023480560405194,,1.3085213717874353,False,False,True,False,False
4.91,1.2247,0.7510685080654571,0.2851366342814456,,,,,1.5013188641735646,0.3175393311075142,-23.95835732294988,0.665977269764206,1.5078396635648845,0.4035912426022273,-1.6033353508552801,1.0447796160826708,1.5473207619390994,3.1023480560405194,,1.3085213717874353,True,False,False,False,False
4.92,1.2247,0.7510685080654571,0.2851366342814456,,,,,1.5013188641735646,0.3175393311075142,-23.95835732294988,0.665977269764206,1.4891926281453371,0.4908718443254388,2.2976086534803644,1.3492976952324705,1.5473207619390994,3.1023480560405194,,1.3085213717874353,False,False,False,True,False
4.93,1.2247,0.7510685080654571,0.2851366342814456,,,,,1.5013188641735646,0.3175393311075142,-23.95835732294988,0.665977269764206,1.4891926281453371,0.4908718443254388,2.2976086534803644,1.3492976952324705,,,,,False,False,False,False,False
4.94,1.2001,0.7413783126952909,-0.2920366135455928,1.2707353660043612,,,,1.4796754044135394,0.6586535111218289,10.380782686825388,1.502296519425882,1.434797837351355,2.050051632856019,58.762962863474165,1.5484300439557022,,,,,True,False,False,False,False
4.95,1.2001,0.7413783126952909,-0.2920366135455928,1.2707353660043612,,,,1.4796754044135394,0.6586535111218289,10.380782686825388,1.502296519425882,1.434797837351355,2.050051632856019,58.762962863474165,1.5484300439557022,,,,,False,False,False,False,False
4.96,1.2001,0.7413783126952909,-0.2920366135455928,1.2707353660043612,,,,1.4796754044135394,0.6586535111218289,10.380782686825388,1.502296519425882,1.434797837351355,2.050051632856019,58.762962863474165,1.5484300439557022,,,,,False,False,False,False,False
4.97,1.1755,0.732393963644664,-0.26748304926649497,,,,,1.4554665746945477,0.6835847062254238,0.703982137036958,1.3879185943593955,,,,,,,,,True,False,False,False,False
4.98,1.1755,0.732393963644664,-0.26748304926649497,,,,,1.4554665746945477,0.6835847062254238,0.703982137036958,1.3879185943593955,1.3533811355648449,2.35977526176276,8.977005226691887,1.6258881265322866,,,,,False,False,False,True,False
4.99,1.1755,0.732393963644664,-0.26748304926649497,,,,,1.4554665746945477,0.6835847062254238,0.703982137036958,1.3879185943593955,1.3533811355648449,2.35977526176276,8.977005226691887,1.6258881265322866,,,,,False,False,False,False,False
5.0,1.1755,0.732393963644664,-0.26748304926649497,,,,,1.3805875150054439,2.7537878183189326,76.13477165978125,1.6096131238484281,1.3533811355648449,2.35977526176276,8.977005226691887,1.6258881265322866,,,,,False,False,True,False,False
5.01,1.151,0.7347197484991446,0.06974694136110464,,,,,1.3805875150054439,2.7537878183189326,76.13477165978125,1.6096131238484281,1.316920115378264,1.016180739621216,-37.44642547778476,1.3830826881715534,,,,,False,False,False,True,False
5.02,1.151,0.7347197484991446,0.06974694136110464,,,,,1.3805875150054439,2.7537878183189326,76.13477165978125,1.6096131238484281,1.316920115378264,1.016180739621216,-37.44642547778476,1.3830826881715534,,,,,False,False,False,False,False
5.03,1.151,0.7347197484991446,0.06974694136110464,,,,,1.3805875150054439,2.7537878183189326,76.13477165978125,1.6096131238484281,1.316920115378264,1.016180739621216,-37.44642547778476,1.3830826881715534,,,,,False,False,False,False,False
5.04,1.127,0.7211926796058152,-0.40648429426636007,,,,,,,,,1.316920115378264,1.016180739621216,-37.44642547778476,1.3830826881715534,,,,,True,False,False,False,False
5.05,1.127,0.7211926796058152,-0.40648429426636007,,,,,,,,,1.3078802165367742,0.26248108144953786,-21.884304773088363,0.5761362726343859,1.5121844178015056,,,,False,False,False,True,True
5.06,1.127,0.7211926796058152,-0.40648429426636007,,,,,,,,,1.3078802165367742,0.26248108144953786,-21.884304773088363,0.5761362726343859,1.5121844178015056,,,,False,False,False,False,False
5.07,1.1029,0.7250957005976966,0.11743003072845275,1.176155681565365,,,,1.254726148783242,1.6617015023725872,-14.418415486804639,1.456929295477767,1.3078802165367742,0.26248108144953786,-21.884304773088363,0.5761362726343859,1.5121844178015056,,,,False,True,True,False,False
5.08,1.1029,0.7250957005976966,0.11743003072845275,1.176155681565365,,,,1.254726148783242,1.6617015023725872,-14.418415486804639,1.456929295477767,1.2840554391740797,0.7701104419060892,16.408576044778926,1.7365849093489387,1.4739964578007658,1.2343849557944286,,1.3708434783998062,False,False,False,True,True
5.09,1.1029,0.7250957005976966,0.11743003072845275,1.176155681565365,,,,1.254726148783242,1.6617015023725872,-14.418415486804639,1.456929295477767,1.2840554391740797,0.7701104419060892,16.408576044778926,1.7365849093489387,1.4739964578007658,1.2343849557944286,,1.3708434783998062,False,False,False,False,False
5.1,1.0791,0.7128958668813703,-0.3654290350003769,1.176155681565365,,,,1.254726148783242,1.6617015023725872,-14.418415486804639,1.456929295477767,1.2840554391740797,0.7701104419060892,16.408576044778926,1.7365849093489387,1.4739964578007658,1.2343849557944286,,1.3708434783998062,True,False,False,False,False
5.11,1.0791,0.7128958668813703,-0.3654290350003769,1.1370133561652147,0.9610531288928481,,1.8110438288301143,1.1483727990949388,2.611271007567328,23.314576605740776,1.9689052644228455,1.2840554391740797,0.7701104419060892,16.408576044778926,1.7365849093489387,1.4739964578007658,1.2343849557944286,,1.3708434783998062,False,True,True,False,False
5.12,1.0791,0.7128958668813703,-0.3654290350003769,1.1370133561652147,0.9610531288928481,,1.8110438288301143,1.1483727990949388,2.611271007567328,23.314576605740776,1.9689052644228455,1.242320110411836,0.9606759376879109,4.386492014812658,1.6981720336780788,1.3768847115493092,2.235346423700078,23.04042223430735,1.614032732803764,False,False,False,True,True
5.13,1.0791,0.7128958668813703,-0.3654290350003769,1.1370133561652147,0.9610531288928481,,1.8110438288301143,1.1483727990949388,2.611271007567328,23.314576605740776,1.9689052644228455,1.242320110411836,0.9606759376879109,4.386492014812658,1.6981720336780788,1.3768847115493092,2.235346423700078,23.04042223430735,1.614032732803764,False,False,False,False,False
5.14,1.0554,0.7075836728142763,-0.15860007547243052,1.089662942449939,2.092454930429316,49.9976049239428,2.0971168781214233,1.0539554995894012,3.5,39.273687727701805,2.1861385866058343,1.242320110411836,0.9606759376879109,4.386492014812658,1.6981720336780788,1.3768847115493092,2.235346423700078,23.04042223430735,1.614032732803764,True,False,False,False,False
5.15,1.0554,0.7075836728142763,-0.15860007547243052,1.089662942449939,2.092454930429316,49.9976049239428,2.0971168781214233,1.0539554995894012,3.5,39.273687727701805,2.1861385866058343,1.2130161838612206,1.2847045834316615,14.205641883217456,1.8487630796015406,1.2427098009706106,3.5,55.443295051926455,1.7996270716262979,False,False,False,True,True
5.16,1.0554,0.7075836728142763,-0.15860007547243052,1.089662942449939,2.092454930429316,49.9976049239428,2.0971168781214233,1.0539554995894012,3.5,39.273687727701805,2.1861385866058343,1.2130161838612206,1.2847045834316615,14.205641883217456,1.8487630796015406,1.2427098009706106,3.5,55.443295051926455,1.7996270716262979,False,False,False,False,False
5.17,1.0319,0.7063145361094466,-0.03814509374175432,1.089662942449939,2.092454930429316,49.9976049239428,2.0971168781214233,1.0539554995894012,3.5,39.273687727701805,2.1861385866058343,1.2130161838612206,1.2847045834316615,14.205641883217456,1.8487630796015406,1.2427098009706106,3.5,55.443295051926455,1.7996270716262979,True,False,False,False,False
5.18,1.0319,0.7063145361094466,-0.03814509374175432,,,,,0.9962974557931918,1.5068457912941042,-52.08945418620089,1.9243619531006906,1.1908814222393425,0.6294877004678376,-18.63363048630861,1.54451161036908,1.1490824459999365,2.6626565665438076,-23.813104538121465,1.6097532284071085,False,False,False,True,True
5.19,1.0319,0.7063145361094466,-0.03814509374175432,,,,,0.9962974557931918,1.5068457912941042,-52.08945418620089,1.9243619531006906,1.1908814222393425,0.6294877004678376,-18.63363048630861,1.54451161036908,1.1490824459999365,2.6626565665438076,-23.813104538121465,1.6097532284071085,False,False,False,False,False
5.2,1.0319,0.7063145361094466,-0.03814509374175432,,,,,0.9967841297482756,0.0,-56.92293769394849,-0.21367872293763326,1.1908814222393425,0.6294877004678376,-18.63363048630861,1.54451161036908,1.1490824459999365,2.6626565665438076,-23.813104538121465,1.6097532284071085,False,False,True,False,False
5.21,1.0084,0.6996499725617994,-0.19841964694671188,,,,,0.9967841297482756,0.0,-56.92293769394849,-0.21367872293763326,1.1717659301904362,0.6017785884821457,-0.8723160385399268,1.7483210872337906,1.1199556819815015,0.9169454227608657,-54.95707802422793,1.65960074557275,False,False,False,True,True
5.22,1.0084,0.6996499725617994,-0.19841964694671188,,,,,0.9967841297482756,0.0,-56.92293769394849,-0.21367872293763326,1.1717659301904362,0.6017785884821457,-0.8723160385399268,1.7483210872337906,1.1199556819815015,0.9169454227608657,-54.95707802422793,1.65960074557275,False,False,False,False,False
5.23,1.0084,0.6996499725617994,-0.19841964694671188,,,,,0.9967841297482756,0.0,-56.92293769394849,-0.21367872293763326,1.1717659301904362,0.6017785884821457,-0.8723160385399268,1.7483210872337906,1.1199556819815015,0.9169454227608657,-54.95707802422793,1.65960074557275,False,False,False,False,False
5.24,0.9853,0.7010836628932453,0.043512418572499205,,,,,1.0009059121363766,0.0,0.0,0.0,1.1717659301904362,0.6017785884821457,-0.8723160385399268,1.7483210872337906,1.1199556819815015,0.9169454227608657,-54.95707802422793,1.65960074557275,False,False,True,False,False
5.25,0.9853,0.7010836628932453,0.043512418572499205,,,,,1.0009059121363766,0.0,0.0,0.0,1.1346708608902865,1.0708777821162032,13.542174567909793,1.9970289062952966,1.103180614162759,0.4842704909170091,-12.490661970224663,1.624504638407754,False,False,False,True,True
5.26,0.9853,0.7010836628932453,0.043512418572499205,,,,,1.0009059121363766,0.0,0.0,0.0,1.1346708608902865,1.0708777821162032,13.542174567909793,1.9970289062952966,1.103180614162759,0.4842704909170091,-12.490661970224663,1.624504638407754,False,False,False,False,False
5.27,0.9622,0.6895120618643337,-0.34540080019551267,,,,,0.9645840668707064,1.0836493398688052,32.33029278135246,2.4574379792988585,1.1346708608902865,1.0708777821162032,13.542174567909793,1.9970289062952966,1.103180614162759,0.4842704909170091,-12.490661970224663,1.624504638407754,False,False,True,False,False
5.28,0.9622,0.6895120618643337,-0.34540080019551267,,,,,0.9645840668707064,1.0836493398688052,32.33029278135246,2.4574379792988585,1.0871136618281694,1.3681512191335636,8.552122986471373,2.072412060836582,1.062665936797718,1.165548146714512,19.599364002290265,2.1635532083603826,False,False,False,True,True
5.29,0.9622,0.6895120618643337,-0.34540080019551267,,,,,0.9645840668707064,1.0836493398688052,32.33029278135246,2.4574379792988585,1.0871136618281694,1.3681512191335636,8.552122986471373,2.072412060836582,1.062665936797718,1.165548146714512,19.599364002290265,2.1635532083603826,False,False,False,False,False
5.3,0.9622,0.6895120618643337,-0.34540080019551267,,,,,0.9645840668707064,1.0836493398688052,32.33029278135246,2.4574379792988585,1.0871136618281694,1.3681512191335636,8.552122986471373,2.072412060836582,1.062665936797718,1.165548146714512,19.599364002290265,2.1635532083603826,False,False,False,False,False
5.31,0.9393,0.6902992993070196,0.023730543889709757,0.9289778283419958,,,,0.9045939739241384,1.4406953402756113,8.57465764402617,2.6538552160811673,1.0556066783935425,1.1067321976665765,-9.182753047123978,1.8031297258922885,1.0149724491357053,1.6753085399014247,17.90613314047376,2.2949249036260917,True,False,False,False,False
5.32,0.9393,0.6902992993070196,0.023730543889709757,0.9289778283419958,,,,0.9045939739241384,1.4406953402756113,8.57465764402617,2.6538552160811673,1.0556066783935425,1.1067321976665765,-9.182753047123978,1.8031297258922885,1.0149724491357053,1.6753085399014247,17.90613314047376,2.2949249036260917,False,False,False,False,False
5.33,0.9393,0.6902992993070196,0.023730543889709757,0.9289778283419958,,,,0.9045939739241384,1.4406953402756113,8.57465764402617,2.6538552160811673,1.0556066783935425,1.1067321976665765,-9.182753047123978,1.8031297258922885,1.0149724491357053,1.6753085399014247,17.90613314047376,2.2949249036260917,False,False,False,False,False
5.34,0.9167,0.6772319647734014,-0.39157595754661684,,,,,0.8469148656641541,1.883555427152608,14.46193509696034,2.9775253518720413,,,,,,,,,False,False,True,False,False
5.35,0.9167,0.6772319647734014,-0.39157595754661684,,,,,0.8469148656641541,1.883555427152608,14.46193509696034,2.9775253518720413,1.0293232109478954,0.7747552781832112,-9.785652183701348,1.848516432702322,0.9812503373338455,0.9940234926766518,-20.082174750200476,1.9641369575600511,False,False,False,True,True
5.36,0.9167,0.6772319647734014,-0.39157595754661684,,,,,0.8469148656641541,1.883555427152608,14.46193509696034,2.9775253518720413,1.0293232109478954,0.7747552781832112,-9.785652183701348,1.848516432702322,0.9812503373338455,0.9940234926766518,-20.082174750200476,1.9641369575600511,False,False,False,False,False
5.37,0.8943,0.6741763491231733,-0.09196534836582387,,,,,0.8138501832287405,1.235355763288444,-24.21790053723861,2.5987727341808515,1.0293232109478954,0.7747552781832112,-9.785652183701348,1.848516432702322,0.9812503373338455,0.9940234926766518,-20.082174750200476,1.9641369575600511,True,False,False,False,False
5.38,0.8943,0.6741763491231733,-0.09196534836582387,,,,,0.8138501832287405,1.235355763288444,-24.21790053723861,2.5987727341808515,1.0040932818285644,0.7761962229358405,0.0443305198821617,2.1161365942782324,0.990095973699932,0.0,-30.581032426838966,-0.21561249929714635,False,False,False,True,True
5.39,0.8943,0.6741763491231733,-0.09196534836582387,,,,,0.8138501832287405,1.235355763288444,-24.21790053723861,2.5987727341808515,1.0040932818285644,0.7761962229358405,0.0443305198821617,2.1161365942782324,0.990095973699932,0.0,-30.581032426838966,-0.21561249929714635,False,False,False,False,False
5.4,0.8943,0.6741763491231733,-0.09196534836582387,,,,,0.7832951183131458,0.9820768042403127,-8.140692594514839,2.8374315143196536,1.0040932818285644,0.7761962229358405,0.0443305198821617,2.1161365942782324,0.990095973699932,0.0,-30.581032426838966,-0.21561249929714635,False,False,True,False,False
5.41,0.8722,0.6616195968730904,-0.37591825166222254,,,,,0.7832951183131458,0.9820768042403127,-8.140692594514839,2.8374315143196536,0.9559973799417287,1.4216770090461623,19.079904054055433,2.4880270225684495,1.0429260672893197,0.0,0.0,0.0,False,False,False,True,True
5.42,0.8722,0.6616195968730904,-0.37591825166222254,,,,,0.7832951183131458,0.9820768042403127,-8.140692594514839,2.8374315143196536,0.9559973799417287,1.4216770090461623,19.079904054055433,2.4880270225684495,1.0429260672893197,0.0,0.0,0.0,False,False,False,False,False
5.43,0.8722,0.6616195968730904,-0.37591825166222254,,,,,0.7832951183131458,0.9820768042403127,-8.140692594514839,2.8374315143196536,0.9559973799417287,1.4216770090461623,19.079904054055433,2.4880270225684495,1.0429260672893197,0.0,0.0,0.0,False,False,False,False,False
5.44,0.8504,0.6568873615353792,-0.14259383418135696,,,,,0.7400261344377013,1.111641081676183,3.328688603596754,3.504987518588731,0.9559973799417287,1.4216770090461623,19.079904054055433,2.4880270225684495,1.0429260672893197,0.0,0.0,0.0,False,False,True,False,False
5.45,0.8504,0.6568873615353792,-0.14259383418135696,,,,,0.7400261344377013,1.111641081676183,3.328688603596754,3.504987518588731,0.9124137622406713,1.2764457638480027,-4.253428638785616,2.3297877548260013,1.013160862444138,0.8717419901968912,25.53095473137493,2.3003113190173528,False,False,False,True,True
5.46,0.8504,0.6568873615353792,-0.14259383418135696,,,,,0.7400261344377013,1.111641081676183,3.328688603596754,3.504987518588731,0.9124137622406713,1.2764457638480027,-4.253428638785616,2.3297877548260013,1.013160862444138,0.8717419901968912,25.53095473137493,2.3003113190173528,False,False,False,False,False
5.47,0.8289,0.6437705527491815,-0.39275419733003647,,,,,0.7038538608841505,1.0446472587299591,-1.9347667873020131,3.7298148565994675,0.9124137622406713,1.2764457638480027,-4.253428638785616,2.3297877548260013,1.013160862444138,0.8717419901968912,25.53095473137493,2.3003113190173528,True,False,False,False,False
5.48,0.8289,0.6437705527491815,-0.39275419733003647,,,,,0.7038538608841505,1.0446472587299591,-1.9347667873020131,3.7298148565994675,0.8998153295265853,0.3809321757829397,-27.077172794946346,1.5675745678009188,0.9765330114996496,1.1074970411944145,7.1284013310555485,2.346278200177947,False,False,False,True,True
5.49,0.8289,0.6437705527491815,-0.39275419733003647,,,,,0.7038538608841505,1.0446472587299591,-1.9347667873020131,3.7298148565994675,0.8998153295265853,0.3809321757829397,-27.077172794946346,1.5675745678009188,0.9765330114996496,1.1074970411944145,7.1284013310555485,2.346278200177947,False,False,False,False,False
5.5,0.8289,0.6437705527491815,-0.39275419733003647,,,,,0.7604976700779267,0.0,-37.58407495730126,-0.32483214929586274,0.8998153295265853,0.3809321757829397,-27.077172794946346,1.5675745678009188,0.9765330114996496,1.1074970411944145,7.1284013310555485,2.346278200177947,False,False,True,False,False
5.51,0.8077,0.6355818379971471,-0.24549992325152784,,,,,0.7604976700779267,0.0,-37.58407495730126,-0.32483214929586274,0.868483213665793,0.9898506832507472,19.23707940245669,2.862863217557026,0.9829650205382249,0.0,-34.98827553795309,-0.21772247185351784,False,False,False,True,True
5.52,0.8077,0.6355818379971471,-0.24549992325152784,,,,,0.7604976700779267,0.0,-37.58407495730126,-0.32483214929586274,0.868483213665793,0.9898506832507472,19.23707940245669,2.862863217557026,0.9829650205382249,0.0,-34.98827553795309,-0.21772247185351784,False,False,False,False,False
5.53,0.8077,0.6355818379971471,-0.24549992325152784,,,,,0.7604976700779267,0.0,-37.58407495730126,-0.32483214929586274,0.868483213665793,0.9898506832507472,19.23707940245669,2.862863217557026,0.9829650205382249,0.0,-34.98827553795309,-0.21772247185351784,False,False,False,False,False
5.54,0.7868,0.6253925909470402,-0.30489376136200075,,,,,0.8061293096377314,0.0,0.0,0.0,0.8191372923938919,1.464700422245569,14.094632246838968,3.14240956433499,0.9486176091724253,1.0195101567427012,30.261405979970906,2.51507148775259,True,False,False,False,False
5.55,0.7868,0.6253925909470402,-0.30489376136200075,,,,,0.8061293096377314,0.0,0.0,0.0,0.8191372923938919,1.464700422245569,14.094632246838968,3.14240956433499,0.9486176091724253,1.0195101567427012,30.261405979970906,2.51507148775259,False,False,False,False,False
5.56,0.7868,0.6253925909470402,-0.30489376136200075,,,,,0.8061293096377314,0.0,0.0,0.0,0.8191372923938919,1.464700422245569,14.094632246838968,3.14240956433499,0.9486176091724253,1.0195101567427012,30.261405979970906,2.51507148775259,False,False,False,False,False
5.57,0.7662,0.6177121955338478,-0.23030455889568818,,,,,0.7737317307952382,1.100997375708927,37.416228762379184,3.464221534714099,,,,,,,,,True,False,False,False,False
5.58,0.7662,0.6177121955338478,-0.23030455889568818,,,,,0.7737317307952382,1.100997375708927,37.416228762379184,3.464221534714099,0.785313459844122,0.9973379975206227,-13.780765503308778,2.761353175056451,0.9097532640699264,1.145963813013864,3.728644178304416,2.5010948553254124,False,False,False,True,True
5.59,0.7662,0.6177121955338478,-0.23030455889568818,,,,,0.7737317307952382,1.100997375708927,37.416228762379184,3.464221534714099,0.785313459844122,0.9973379975206227,-13.780765503308778,2.761353175056451,0.9097532640699264,1.145963813013864,3.728644178304416,2.5010948553254124,False,False,False,False,False
5.6,0.7662,0.6177121955338478,-0.23030455889568818,,,,,0.7737317307952382,1.100997375708927,37.416228762379184,3.464221534714099,0.785313459844122,0.9973379975206227,-13.780765503308778,2.761353175056451,0.9097532640699264,1.145963813013864,3.728644178304416,2.5010948553254124,False,False,False,False,False
5.61,0.746,0.6047475436472055,-0.3881357120142597,,,,,,,,,0.785313459844122,0.9973379975206227,-13.780765503308778,2.761353175056451,0.9097532640699264,1.145963813013864,3.728644178304416,2.5010948553254124,True,False,False,False,False
5.62,0.746,0.6047475436472055,-0.3881357120142597,,,,,0.7441090438781339,0.583525149998939,-10.193472961203735,3.043294756895911,,,,,0.7747157817265762,3.164384060827548,47.298400039725976,3.456426821057977,False,False,False,False,True
5.63,0.746,0.6047475436472055,-0.3881357120142597,,,,,0.7441090438781339,0.583525149998939,-10.193472961203735,3.043294756895911,,,,,0.7747157817265762,3.164384060827548,47.298400039725976,3.456426821057977,False,False,False,False,False
5.64,0.7262,0.5956254379952763,-0.27441202900855993,,,,,0.6232387705331277,3.5,123.25521889880476,5.4589788143034195,,,,,0.7747157817265762,3.164384060827548,47.298400039725976,3.456426821057977,False,False,True,False,False
5.65,0.7262,0.5956254379952763,-0.27441202900855993,,,,,0.6232387705331277,3.5,123.25521889880476,5.4589788143034195,,,,,0.7623887674830618,0.5017547452143291,-108.37879047301512,2.9103576878857265,False,False,False,False,True
5.66,0.7262,0.5956254379952763,-0.27441202900855993,,,,,0.6232387705331277,3.5,123.25521889880476,5.4589788143034195,,,,,0.7623887674830618,0.5017547452143291,-108.37879047301512,2.9103576878857265,False,False,False,False,False
5.67,0.7069,0.5761915043219796,-0.5801900247725604,,,,,0.6232387705331277,3.5,123.25521889880476,5.4589788143034195,,,,,0.7623887674830618,0.5017547452143291,-108.37879047301512,2.9103576878857265,True,False,False,False,False
5.68,0.7069,0.5761915043219796,-0.5801900247725604,,,,,0.5675890168931585,1.4507501295114669,-53.422509904470516,5.80863229141304,,,,,0.7407832853785319,0.671699970319947,5.283483243149957,3.5723013130108576,False,False,False,False,True
5.69,0.7069,0.5761915043219796,-0.5801900247725604,,,,,0.5675890168931585,1.4507501295114669,-53.422509904470516,5.80863229141304,,,,,0.7407832853785319,0.671699970319947,5.283483243149957,3.5723013130108576,False,False,False,False,False
5.7,0.7069,0.5761915043219796,-0.5801900247725604,,,,,0.592696221662582,0.0,-58.63659844591846,-0.5674811236123416,,,,,0.7407832853785319,0.671699970319947,5.283483243149957,3.5723013130108576,False,False,True,False,False
5.71,0.6882,0.5654132995851109,-0.32588985582229146,,,,,0.592696221662582,0.0,-58.63659844591846,-0.5674811236123416,,,,,0.6314423259056581,3.3188527965073167,80.34967501957745,5.2837133816983926,True,False,False,False,False
5.72,0.6882,0.5654132995851109,-0.32588985582229146,,,,,0.592696221662582,0.0,-58.63659844591846,-0.5674811236123416,,,,,0.6314423259056581,3.3188527965073167,80.34967501957745,5.2837133816983926,False,False,False,False,False
5.73,0.6882,0.5654132995851109,-0.32588985582229146,,,,,0.592696221662582,0.0,-58.63659844591846,-0.5674811236123416,,,,,0.6314423259056581,3.3188527965073167,80.34967501957745,5.2837133816983926,False,False,False,False,False
5.74,0.67,0.5457582945665005,-0.5893891219040012,,,,,0.5703376474343195,0.6586838159745905,19.40483167653953,6.993311569691837,,,,,,,,,True,False,False,False,False
5.75,0.67,0.5457582945665005,-0.5893891219040012,,,,,0.5703376474343195,0.6586838159745905,19.40483167653953,6.993311569691837,,,,,,,,,False,False,False,False,False
5.76,0.67,0.5457582945665005,-0.5893891219040012,,,,,0.5703376474343195,0.6586838159745905,19.40483167653953,6.993311569691837,,,,,,,,,False,False,False,False,False
5.77,0.6526,0.5166251149639314,-0.8649961069794285,,,,,0.576835746086545,0.0,-22.29525285863428,-0.6141370092852647,,,,,,,,,False,False,True,False,False
5.78,0.6526,0.5166251149639314,-0.8649961069794285,,,,,0.576835746086545,0.0,-22.29525285863428,-0.6141370092852647,,,,,,,,,False,False,False,False,False
5.79,0.6526,0.5166251149639314,-0.8649961069794285,,,,,0.576835746086545,0.0,-22.29525285863428,-0.6141370092852647,,,,,,,,,False,False,False,False,False
5.8,0.6526,0.5166251149639314,-0.8649961069794285,,,,,0.5953395612748335,0.0,0.0,0.0,,,,,,,,,False,False,True,False,False
5.81,0.6357,0.509804659747324,-0.20574555331505245,,,,,0.5953395612748335,0.0,0.0,0.0,,,,,,,,,True,False,False,False,False
5.82,0.6357,0.509804659747324,-0.20574555331505245,,,,,0.5953395612748335,0.0,0.0,0.0,,,,,,,,,False,False,False,False,False
5.83,0.6357,0.509804659747324,-0.20574555331505245,,,,,0.5953395612748335,0.0,0.0,0.0,,,,,,,,,False,False,False,False,False
5.84,0.6195,0.48944443585063396,-0.6151356974634611,,,,,0.6213583249271191,0.0,0.0,0.0,,,,,,,,,True,False,False,False,False
5.85,0.6195,0.48944443585063396,-0.6151356974634611,,,,,0.6213583249271191,0.0,0.0,0.0,,,,,0.7006498507073526,,,,False,False,False,False,True
5.86,0.6195,0.48944443585063396,-0.6151356974634611,,,,,0.6213583249271191,0.0,0.0,0.0,,,,,0.7006498507073526,,,,False,False,False,False,False
5.87,0.6041,0.4611865407319974,-0.8462442141643851,,,,,,,,,,,,,0.7006498507073526,,,,False,False,False,False,False
5.88,0.6041,0.4611865407319974,-0.8462442141643851,,,,,,,,,,,,,0.7313231710690156,0.0,,0.0,False,False,False,False,True
5.89,0.6041,0.4611865407319974,-0.8462442141643851,,,,,,,,,,,,,0.7313231710690156,0.0,,0.0,False,False,False,False,False
5.9,0.6041,0.4611865407319974,-0.8462442141643851,,,,,,,,,,,,,0.7313231710690156,0.0,,0.0,False,False,False,False,False
5.91,0.5895,0.43903288632968906,-0.6661769065065671,,,,,,,,,,,,,0.7313231710690156,0.0,,0.0,True,False,False,False,False
5.92,0.5895,0.43903288632968906,-0.6661769065065671,,,,,,,,,,,,,0.7665206560684572,0.0,0.0,0.0,False,False,False,False,True
5.93,0.5895,0.43903288632968906,-0.6661769065065671,,,,,,,,,,,,,0.7665206560684572,0.0,0.0,0.0,False,False,False,False,False
5.94,0.5757,0.4101861222502063,-0.8574306012485183,,,,,,,,,,,,,0.7665206560684572,0.0,0.0,0.0,False,False,False,False,False
5.95,0.5757,0.4101861222502063,-0.8574306012485183,,,,,,,,,,,,,0.8058366946517813,0.0,0.0,0.0,False,False,False,False,True
5.96,0.5757,0.4101861222502063,-0.8574306012485183,,,,,,,,,,,,,0.8058366946517813,0.0,0.0,0.0,False,False,False,False,False
5.97,0.5629,0.3852228514195516,-0.7512829976674449,,,,,,,,,,,,,0.8058366946517813,0.0,0.0,0.0,False,False,False,False,False
5.98,0.5629,0.3852228514195516,-0.7512829976674449,,,,,,,,,,,,,0.8058366946517813,0.0,0.0,0.0,False,False,False,False,False
5.99,0.5629,0.3852228514195516,-0.7512829976674449,,,,,,,,,,,,,,,,,False,False,False,False,False
6.0,0.5629,0.3852228514195516,-0.7512829976674449,,,,,,,,,,,,,,,,,False,False,False,False,False
6.01,0.5511,0.3536505366856631,-0.9462344110210515,,,,,,,,,,,,,,,,,True,False,False,False,False
6.02,0.5511,0.3536505366856631,-0.9462344110210515,,,,,,,,,0.8051107080509128,,,,,,,,False,False,False,True,False
6.03,0.5511,0.3536505366856631,-0.9462344110210515,,,,,,,,,0.8051107080509128,,,,,,,,False,False,False,False,False
6.04,0.5403,0.324394463667822,-0.878750751448998,,,,,,,,,0.9048785218514226,0.0,,0.0,,,,,False,False,False,True,False
6.05,0.5403,0.324394463667822,-0.878750751448998,,,,,,,,,0.9048785218514226,0.0,,0.0,,,,,False,False,False,False,False
6.06,0.5403,0.324394463667822,-0.878750751448998,,,,,,,,,0.9048785218514226,0.0,,0.0,,,,,False,False,False,False,False
6.07,0.5307,0.2880648952596032,-1.090132637327091,,,,,,,,,0.9048785218514226,0.0,,0.0,,,,,False,False,False,False,False
6.08,0.5307,0.2880648952596032,-1.090132637327091,,,,,,,,,0.9964037494298466,0.0,0.0,0.0,,,,,False,False,False,True,False
6.09,0.5307,0.2880648952596032,-1.090132637327091,,,,,,,,,0.9964037494298466,0.0,0.0,0.0,,,,,False,False,False,False,False
6.1,0.5307,0.2880648952596032,-1.090132637327091,,,,,,,,,0.9964037494298466,0.0,0.0,0.0,,,,,False,False,False,False,False
6.11,0.5224,0.24805002792505815,-1.1958661397290882,,,,,,,,,1.10012800421889,0.0,0.0,0.0,,,,,False,False,False,True,False
6.12,0.5224,0.24805002792505815,-1.1958661397290882,,,,,,,,,1.10012800421889,0.0,0.0,0.0,,,,,False,False,False,False,False
6.13,0.5224,0.24805002792505815,-1.1958661397290882,,,,,,,,,1.10012800421889,0.0,0.0,0.0,,,,,False,False,False,False,False
6.14,0.5153,0.2138776855807586,-1.029394576263683,,,,,,,,,1.10012800421889,0.0,0.0,0.0,,,,,False,False,False,False,False
6.15,0.5153,0.2138776855807586,-1.029394576263683,,,,,,,,,1.267394191916393,0.0,0.0,0.0,,,,,False,False,False,True,False
6.16,0.5153,0.2138776855807586,-1.029394576263683,,,,,,,,,1.267394191916393,0.0,0.0,0.0,,,,,False,False,False,False,False
6.17,0.5096,0.17132016312083903,-1.279116085938997,,,,,,,,,1.267394191916393,0.0,0.0,0.0,,,,,False,False,False,False,False
6.18,0.5096,0.17132016312083903,-1.279116085938997,,,,,,,,,1.267394191916393,0.0,0.0,0.0,,,,,False,False,False,False,False
6.19,0.5096,0.17132016312083903,-1.279116085938997,,,,,,,,,,,,,,,,,False,False,False,False,False
6.2,0.5096,0.17132016312083903,-1.279116085938997,,,,,,,,,,,,,,,,,False,False,False,False,False
6.21,0.5052,0.13121731495973019,-1.1959518313496298,,,,,,,,,,,,,,,,,False,False,False,False,False
6.22,0.5052,0.13121731495973019,-1.1959518313496298,,,,,,,,,,,,,,,,,False,False,False,False,False
6.23,0.5052,0.13121731495973019,-1.1959518313496298,,,,,,,,,,,,,,,,,False,False,False,False,False
6.24,0.5023,0.08766948627857771,-1.3164881962152177,,,,,,,,,,,,,,,,,True,False,False,False,False
6.25,0.5023,0.08766948627857771,-1.3164881962152177,,,,,,,,,,,,,,,,,False,False,False,False,False
6.26,0.5023,0.08766948627857771,-1.3164881962152177,,,,,,,,,,,,,,,,,False,False,False,False,False
6.27,0.5008,0.04467587474171279,-1.2805181358099362,,,,,,,,,,,,,,,,,True,False,False,False,False
6.28,0.5008,0.04467587474171279,-1.2805181358099362,,,,,,,,,,,,,,,,,False,False,False,False,False
6.29,0.5008,0.04467587474171279,-1.2805181358099362,,,,,,,,,,,,,,,,,False,False,False,False,False
6.3,0.5008,0.04467587474171279,-1.2805181358099362,,,,,,,,,,,,,,,,,False,False,False,False,False
6.31,0.5007,0.0030495897447904694,-1.2694309184035366,,,,,,,,,,,,,,,,,True,False,False,False,False
