,distance_wheelchair,speed_wheelchair,acceleration_wheelchair,distance_tracker,speed_tracker,acceleration_tracker,danger_tracker,distance_drone,speed_drone,acceleration_drone,distance_range,speed_range,acceleration_range,wheelchair_data,drone_data,tracker_data,range_data
3.71,,0.0,0.0,,,,,,0.0,0.0,,,,False,False,False,False
3.72,,0.0,0.0,,,,,,0.0,0.0,,,,False,False,False,False
3.73,,0.0,0.0,,,,,,0.0,0.0,,,,False,False,False,False
3.74,,0.0,0.0,,,,,,0.0,0.0,,,,False,False,False,False
3.75,,0.0,0.0,,,,,,0.0,0.0,,,,False,False,False,False
3.76,,0.0,0.0,,,,,,0.0,0.0,,,,False,False,False,False
3.77,,0.0,0.0,,,,,,0.0,0.0,,0.0,0.0,False,False,False,False
3.78,,0.0,0.0,,,,,,0.0,0.0,,0.0,0.0,False,False,False,False
3.79,,0.0,0.0,,,,,,0.0,0.0,,0.0,0.0,False,False,False,False
3.8,,0.0,0.0,,,,,,0.0,0.0,,0.0,0.0,False,False,False,False
3.81,,0.0,0.0,,,,,,0.0,0.0,,0.0,0.0,False,False,False,False
3.82,,0.0,0.0,,,,,,0.0,0.0,,0.0,0.0,False,False,False,False
3.83,,0.0,0.0,,,,,,0.0,0.0,,0.0,0.0,False,False,False,False
3.84,,0.0,0.0,,,,,,0.0,0.0,,0.0,0.0,False,False,False,False
3.85,,0.0,0.0,,,,,,0.0,0.0,,0.0,0.0,False,False,False,False
3.86,,0.0,0.0,,,,,,0.0,0.0,,0.0,0.0,False,False,False,False
3.87,,0.0,0.0,,,,,,0.0,0.0,,0.0,0.0,False,False,False,False
3.88,,0.0,0.0,,,,,,0.0,0.0,,0.0,0.0,False,False,False,False
3.89,,0.0,0.0,,,,,,0.0,0.0,,0.0,0.0,False,False,False,False
3.9,,0.0,0.0,,,,,,0.0,0.0,,0.0,0.0,False,False,False,False
3.91,,0.0,0.0,,,,,,0.0,0.0,,0.0,0.0,False,False,False,False
3.92,,0.0,0.0,,,,,,0.0,0.0,,0.0,0.0,False,False,False,False
3.93,,0.0,0.0,,,,,,0.0,0.0,,0.0,0.0,False,False,False,False
3.94,,0.0,0.0,,,,,,0.0,0.0,,0.0,0.0,False,False,False,False
3.95,,0.0,0.0,,,,,,0.0,0.0,,0.0,0.0,False,False,False,False
3.96,,0.0,0.0,,,,,,0.0,0.0,,0.0,0.0,False,False,False,False
3.97,,0.0,0.0,,,,,,0.0,0.0,,0.0,0.0,False,False,False,False
3.98,,0.0,0.0,,,,,,0.0,0.0,,0.0,0.0,False,False,False,False
3.99,,0.0,0.0,,,,,,0.0,0.0,,0.0,0.0,False,False,False,False
4.0,,0.0,0.0,,,,,,0.0,0.0,,0.0,0.0,False,False,False,False
4.01,,0.0,0.0,,,,,,0.0,0.0,,0.0,0.0,False,False,False,False
4.02,,0.0,0.0,,,,,,0.0,0.0,,0.0,0.0,False,False,False,False
4.03,,0.0,0.0,,,,,,0.0,0.0,,0.0,0.0,False,False,False,False
4.04,,0.0,0.0,,,,,,0.0,0.0,,0.0,0.0,False,False,False,False
4.05,,0.0,0.0,,,,,,0.0,0.0,,0.0,0.0,False,False,False,False
4.06,,0.0,0.0,,,,,,0.0,0.0,,0.0,0.0,False,False,False,False
4.07,,0.0,0.0,,,,,,0.0,0.0,,0.0,0.0,False,False,False,False
4.08,,0.0,0.0,,,,,,0.0,0.0,,0.0,0.0,False,False,False,False
4.09,,0.0,0.0,,,,,,0.0,0.0,,0.0,0.0,False,False,False,False
4.1,,0.0,0.0,,,,,,0.0,0.0,,0.0,0.0,False,False,False,False
4.11,,0.0,0.0,,,,,,0.0,0.0,,0.0,0.0,False,False,False,False
4.12,,0.0,0.0,,,,,,0.0,0.0,,0.0,0.0,False,False,False,False
4.13,,0.0,0.0,,,,,,0.0,0.0,,0.0,0.0,False,False,False,False
4.14,,0.0,0.0,2.4023,0.530262876927548,0.0,0.9096044265395442,,0.0,0.0,,0.0,0.0,False,False,True,False
4.15,,0.0,0.0,2.4023,0.530262876927548,0.0,0.9096044265395442,,0.0,0.0,,0.0,0.0,False,False,False,False
4.16,,0.0,0.0,2.4023,0.530262876927548,0.0,0.9096044265395442,,0.0,0.0,,0.0,0.0,False,False,False,False
4.17,,0.0,0.0,2.3856,0.5051641692801925,-0.7592196286636527,0.9142430287598486,,0.0,0.0,,0.0,0.0,False,False,False,False
4.18,,0.0,0.0,2.3856,0.5051641692801925,-0.7592196286636527,0.9142430287598486,,0.0,0.0,,0.0,0.0,False,False,False,False
4.19,,0.0,0.0,2.3856,0.5051641692801925,-0.7592196286636527,0.9142430287598486,,0.0,0.0,,0.0,0.0,False,False,False,False
4.2,,0.0,0.0,2.3856,0.5051641692801925,-0.7592196286636527,0.9142430287598486,,0.0,0.0,,0.0,0.0,False,False,False,False
4.21,,0.0,0.0,2.37,0.4669862289353308,-1.1428572044977503,0.8497894616951877,,0.0,0.0,,0.0,0.0,False,False,True,False
4.22,,0.0,0.0,2.37,0.4669862289353308,-1.1428572044977503,0.8497894616951877,,0.0,0.0,,0.0,0.0,False,False,False,False
4.23,,0.0,0.0,2.37,0.4669862289353308,-1.1428572044977503,0.8497894616951877,,0.0,0.0,2.2847999999999997,0.0,0.0,False,False,False,True
4.24,,0.0,0.0,2.3553,0.4397245876280796,-0.8154839443466476,0.79923794206504,,0.0,0.0,2.2847999999999997,0.0,0.0,False,False,True,False
4.25,,0.0,0.0,2.3553,0.4397245876280796,-0.8154839443466476,0.79923794206504,,0.0,0.0,2.2847999999999997,0.0,0.0,False,False,False,False
4.26,,0.0,0.0,2.3553,0.4397245876280796,-0.8154839443466476,0.79923794206504,,0.0,0.0,2.2847999999999997,0.0,0.0,False,False,False,False
4.27,,0.0,0.0,2.3413,0.4212368862939712,-0.5562644103366128,0.764674726530937,,0.0,0.0,2.2847999999999997,0.0,0.0,False,False,True,False
4.28,,0.0,0.0,2.3413,0.4212368862939712,-0.5562644103366128,0.764674726530937,,0.0,0.0,2.2847999999999997,0.0,0.0,False,False,False,False
4.29,,0.0,0.0,2.3413,0.4212368862939712,-0.5562644103366128,0.764674726530937,,0.0,0.0,2.2847999999999997,0.0,0.0,False,False,False,False
4.3,,0.0,0.0,2.3413,0.4212368862939712,-0.5562644103366128,0.764674726530937,,0.0,0.0,2.2847999999999997,0.0,0.0,False,False,False,False
4.31,,0.0,0.0,2.3276,0.4122897743468789,-0.26925567633014136,0.7494888211394236,,0.0,0.0,2.2847999999999997,0.0,0.0,False,False,False,False
4.32,,0.0,0.0,2.3276,0.4122897743468789,-0.26925567633014136,0.7494888211394236,,0.0,0.0,2.2847999999999997,0.0,0.0,False,False,False,False
4.33,,0.0,0.0,2.3276,0.4122897743468789,-0.26925567633014136,0.7494888211394236,,0.0,0.0,2.2698,0.15204859327073952,0.0,False,False,False,False
4.34,,0.0,0.0,2.3138,0.41093971550107194,-0.04020237666707451,0.7499948065721944,,0.0,0.0,2.2698,0.15204859327073952,0.0,False,False,True,False
4.35,,0.0,0.0,2.3138,0.41093971550107194,-0.04020237666707451,0.7499948065721944,,0.0,0.0,2.2698,0.15204859327073952,0.0,False,False,False,False
4.36,,0.0,0.0,2.3138,0.41093971550107194,-0.04020237666707451,0.7499948065721944,,0.0,0.0,2.2698,0.15204859327073952,0.0,False,False,False,False
4.37,,0.0,0.0,2.2994,0.43712067639082336,0.7947388425478944,0.8081397883673191,,0.0,0.0,2.2698,0.15204859327073952,0.0,False,False,True,False
4.38,,0.0,0.0,2.2994,0.43712067639082336,0.7947388425478944,0.8081397883673191,,0.0,0.0,2.2698,0.15204859327073952,0.0,False,False,False,False
4.39,,0.0,0.0,2.2994,0.43712067639082336,0.7947388425478944,0.8081397883673191,,0.0,0.0,2.2698,0.15204859327073952,0.0,False,False,False,False
4.4,,0.0,0.0,2.2994,0.43712067639082336,0.7947388425478944,0.8081397883673191,,0.0,0.0,2.2698,0.15204859327073952,0.0,False,False,False,False
4.41,,0.0,0.0,2.2845,0.44195394661908727,0.14336126526562307,0.8222090814895826,,0.0,0.0,2.2698,0.15204859327073952,0.0,False,False,True,False
4.42,,0.0,0.0,2.2845,0.44195394661908727,0.14336126526562307,0.8222090814895826,,0.0,0.0,2.2698,0.15204859327073952,0.0,False,False,False,False
4.43,,0.0,0.0,2.2845,0.44195394661908727,0.14336126526562307,0.8222090814895826,,0.0,0.0,2.2538,0.15129801593833822,-0.0070975538250379775,False,False,False,False
4.44,,0.0,0.0,2.2687,0.47628372329916635,1.0348553074187925,0.8992513814959673,,0.0,0.0,2.2538,0.15129801593833822,-0.0070975538250379775,False,False,True,False
4.45,,0.0,0.0,2.2687,0.47628372329916635,1.0348553074187925,0.8992513814959673,,0.0,0.0,2.2538,0.15129801593833822,-0.0070975538250379775,False,False,False,False
4.46,,0.0,0.0,2.2687,0.47628372329916635,1.0348553074187925,0.8992513814959673,,0.0,0.0,2.2538,0.15129801593833822,-0.0070975538250379775,False,False,False,False
4.47,,0.0,0.0,2.2523,0.4915369328862753,0.4571656010438465,0.9361404541024719,,0.0,0.0,2.2538,0.15129801593833822,-0.0070975538250379775,False,False,True,False
4.48,,0.0,0.0,2.2523,0.4915369328862753,0.4571656010438465,0.9361404541024719,,0.0,0.0,2.2538,0.15129801593833822,-0.0070975538250379775,False,False,False,False
4.49,,0.0,0.0,2.2523,0.4915369328862753,0.4571656010438465,0.9361404541024719,,0.0,0.0,2.2538,0.15129801593833822,-0.0070975538250379775,False,False,False,False
4.5,,0.0,0.0,2.2523,0.4915369328862753,0.4571656010438465,0.9361404541024719,,0.0,0.0,2.2538,0.15129801593833822,-0.0070975538250379775,False,False,False,False
4.51,,0.0,0.0,2.2354,0.5074104747776688,0.47659180044468047,0.9595240391830134,,0.0,0.0,2.2538,0.15129801593833822,-0.0070975538250379775,False,False,True,False
4.52,,0.0,0.0,2.2354,0.5074104747776688,0.47659180044468047,0.9595240391830134,,0.0,0.0,2.2538,0.15129801593833822,-0.0070975538250379775,False,False,False,False
4.53,,0.0,0.0,2.2354,0.5074104747776688,0.47659180044468047,0.9595240391830134,,0.0,0.0,2.2538,0.15129801593833822,-0.0070975538250379775,False,False,False,False
4.54,,0.0,0.0,2.2182,0.5151902034306386,0.23302558066039084,0.9651589787852726,,0.0,0.0,2.2242,0.2723401348687238,1.1136698308884287,False,False,False,True
4.55,,0.0,0.0,2.2182,0.5151902034306386,0.23302558066039084,0.9651589787852726,,0.0,0.0,2.2242,0.2723401348687238,1.1136698308884287,False,False,False,False
4.56,,0.0,0.0,2.2182,0.5151902034306386,0.23302558066039084,0.9651589787852726,,0.0,0.0,2.2242,0.2723401348687238,1.1136698308884287,False,False,False,False
4.57,,0.0,0.0,2.201,0.5170854658098336,0.05697747849871604,0.9708956048891669,,0.0,0.0,2.2242,0.2723401348687238,1.1136698308884287,False,False,True,False
4.58,,0.0,0.0,2.201,0.5170854658098336,0.05697747849871604,0.9708956048891669,,0.0,0.0,2.2242,0.2723401348687238,1.1136698308884287,False,False,False,False
4.59,,0.0,0.0,2.201,0.5170854658098336,0.05697747849871604,0.9708956048891669,,0.0,0.0,2.2242,0.2723401348687238,1.1136698308884287,False,False,False,False
4.6,,0.0,0.0,2.1841,0.5079805243272817,-0.27367650581514225,0.976634011212166,,0.0,0.0,2.2242,0.2723401348687238,1.1136698308884287,False,False,False,False
4.61,,0.0,0.0,2.1841,0.5079805243272817,-0.27367650581514225,0.976634011212166,,0.0,0.0,2.2242,0.2723401348687238,1.1136698308884287,False,False,False,False
4.62,,0.0,0.0,2.1841,0.5079805243272817,-0.27367650581514225,0.976634011212166,,0.0,0.0,2.2242,0.2723401348687238,1.1136698308884287,False,False,False,False
4.63,,0.0,0.0,2.1841,0.5079805243272817,-0.27367650581514225,0.976634011212166,,0.0,0.0,2.2242,0.2723401348687238,1.1136698308884287,False,False,False,False
4.64,,0.0,0.0,2.1676,0.4916257951823655,-0.48729737702192516,0.9640560793177746,,0.0,0.0,2.2242,0.2723401348687238,1.1136698308884287,False,False,False,False
4.65,,0.0,0.0,2.1676,0.4916257951823655,-0.48729737702192516,0.9640560793177746,,0.0,0.0,2.2369999999999997,0.0,-2.6333761206175237,False,False,False,True
4.66,,0.0,0.0,2.1676,0.4916257951823655,-0.48729737702192516,0.9640560793177746,,0.0,0.0,2.2369999999999997,0.0,-2.6333761206175237,False,False,False,False
4.67,,0.0,0.0,2.1514,0.48609457456043,-0.16596890956911226,0.9575034612176242,,0.0,0.0,2.2369999999999997,0.0,-2.6333761206175237,False,False,True,False
4.68,,0.0,0.0,2.1514,0.48609457456043,-0.16596890956911226,0.9575034612176242,,0.0,0.0,2.2369999999999997,0.0,-2.6333761206175237,False,False,False,False
4.69,,0.0,0.0,2.1514,0.48609457456043,-0.16596890956911226,0.9575034612176242,,0.0,0.0,2.2369999999999997,0.0,-2.6333761206175237,False,False,False,False
4.7,,0.0,0.0,2.1514,0.48609457456043,-0.16596890956911226,0.9575034612176242,,0.0,0.0,2.2369999999999997,0.0,-2.6333761206175237,False,False,False,False
4.71,,0.0,0.0,2.1359,0.4647763124563453,-0.6392402095944602,0.9158082710730615,,0.0,0.0,2.2369999999999997,0.0,-2.6333761206175237,False,False,True,False
4.72,,0.0,0.0,2.1359,0.4647763124563453,-0.6392402095944602,0.9158082710730615,,0.0,0.0,2.2369999999999997,0.0,-2.6333761206175237,False,False,False,False
4.73,,0.0,0.0,2.1359,0.4647763124563453,-0.6392402095944602,0.9158082710730615,,0.0,0.0,2.2369999999999997,0.0,-2.6333761206175237,False,False,False,False
4.74,,0.0,0.0,2.1209,0.4486779435187532,-0.4815322045949973,0.8850985688887392,,0.0,0.0,2.2369999999999997,0.0,-2.6333761206175237,False,False,True,False
4.75,,0.0,0.0,2.1209,0.4486779435187532,-0.4815322045949973,0.8850985688887392,,0.0,0.0,2.2369999999999997,0.0,-2.6333761206175237,False,False,False,False
4.76,,0.0,0.0,2.1209,0.4486779435187532,-0.4815322045949973,0.8850985688887392,,0.0,0.0,2.2369999999999997,0.0,-2.6333761206175237,False,False,False,False
4.77,,0.0,0.0,2.1063,0.4412509961392219,-0.22446218695149403,0.8733042544438279,,0.0,0.0,2.2369999999999997,0.0,-2.6333761206175237,False,False,False,False
4.78,,0.0,0.0,2.1063,0.4412509961392219,-0.22446218695149403,0.8733042544438279,,0.0,0.0,2.1904000000000003,0.34695220505547814,2.583172373237346,False,False,False,False
4.79,,0.0,0.0,2.1063,0.4412509961392219,-0.22446218695149403,0.8733042544438279,,0.0,0.0,2.1904000000000003,0.34695220505547814,2.583172373237346,False,False,False,False
4.8,,0.0,0.0,2.1063,0.4412509961392219,-0.22446218695149403,0.8733042544438279,,0.0,0.0,2.1904000000000003,0.34695220505547814,2.583172373237346,False,False,False,False
4.81,,0.0,0.0,2.0917,0.4372857898651388,-0.11876221626990627,0.8691761911702643,,0.0,0.0,2.1904000000000003,0.34695220505547814,2.583172373237346,False,False,True,False
4.82,,0.0,0.0,2.0917,0.4372857898651388,-0.11876221626990627,0.8691761911702643,,0.0,0.0,2.1904000000000003,0.34695220505547814,2.583172373237346,False,False,False,False
4.83,,0.0,0.0,2.0917,0.4372857898651388,-0.11876221626990627,0.8691761911702643,,0.0,0.0,2.1904000000000003,0.34695220505547814,2.583172373237346,False,False,False,False
4.84,,0.0,0.0,2.0772,0.43190630695205373,-0.16023673091739613,0.861804372009711,,0.0,0.0,2.1904000000000003,0.34695220505547814,2.583172373237346,False,False,True,False
4.85,,0.0,0.0,2.0772,0.43190630695205373,-0.16023673091739613,0.861804372009711,,0.0,0.0,2.1904000000000003,0.34695220505547814,2.583172373237346,False,False,False,False
4.86,,0.0,0.0,2.0772,0.43190630695205373,-0.16023673091739613,0.861804372009711,,0.0,0.0,2.1904000000000003,0.34695220505547814,2.583172373237346,False,False,False,False
4.87,,0.0,0.0,2.0624,0.45313638964439085,0.6500083123687442,0.9148618360304392,,0.0,0.0,2.1904000000000003,0.34695220505547814,2.583172373237346,False,False,True,False
4.88,,0.0,0.0,2.0624,0.45313638964439085,0.6500083123687442,0.9148618360304392,,0.0,0.0,2.1904000000000003,0.34695220505547814,2.583172373237346,False,False,False,False
4.89,,0.0,0.0,2.0624,0.45313638964439085,0.6500083123687442,0.9148618360304392,,0.0,0.0,2.1382000000000003,0.4701442207926954,1.1095405028094916,False,False,False,True
4.9,,0.0,0.0,2.0624,0.45313638964439085,0.6500083123687442,0.9148618360304392,,0.0,0.0,2.1382000000000003,0.4701442207926954,1.1095405028094916,False,False,False,False
4.91,,0.0,0.0,2.0473,0.448458301337367,-0.13893559838901434,0.9095284410271668,,0.0,0.0,2.1382000000000003,0.4701442207926954,1.1095405028094916,False,False,True,False
4.92,,0.0,0.0,2.0473,0.448458301337367,-0.13893559838901434,0.9095284410271668,,0.0,0.0,2.1382000000000003,0.4701442207926954,1.1095405028094916,False,False,False,False
4.93,,0.0,0.0,2.0473,0.448458301337367,-0.13893559838901434,0.9095284410271668,,0.0,0.0,2.1382000000000003,0.4701442207926954,1.1095405028094916,False,False,False,False
4.94,,0.0,0.0,2.0317,0.467082873436351,0.557642221315122,0.9578562485127964,,0.0,0.0,2.1382000000000003,0.4701442207926954,1.1095405028094916,False,False,True,False
4.95,,0.0,0.0,2.0317,0.467082873436351,0.557642221315122,0.9578562485127964,,0.0,0.0,2.1382000000000003,0.4701442207926954,1.1095405028094916,False,False,False,False
4.96,,0.0,0.0,2.0317,0.467082873436351,0.557642221315122,0.9578562485127964,,0.0,0.0,2.1382000000000003,0.4701442207926954,1.1095405028094916,False,False,False,False
4.97,,0.0,0.0,2.0158,0.47682544374155383,0.2921701515070236,0.9864083016579646,,0.0,0.0,2.1382000000000003,0.4701442207926954,1.1095405028094916,False,False,True,False
4.98,,0.0,0.0,2.0158,0.47682544374155383,0.2921701515070236,0.9864083016579646,,0.0,0.0,2.1382000000000003,0.4701442207926954,1.1095405028094916,False,False,False,False
4.99,,0.0,0.0,2.0158,0.47682544374155383,0.2921701515070236,0.9864083016579646,,0.0,0.0,2.0832,0.5585217007006122,0.8974680069418864,False,False,False,True
5.0,,0.0,0.0,2.0158,0.47682544374155383,0.2921701515070236,0.9864083016579646,,0.0,0.0,2.0832,0.5585217007006122,0.8974680069418864,False,False,False,False
5.01,,0.0,0.0,1.9997,0.47805575614761187,0.03653154829663726,0.9956442953042864,,0.0,0.0,2.0832,0.5585217007006122,0.8974680069418864,False,False,True,False
5.02,,0.0,0.0,1.9997,0.47805575614761187,0.03653154829663726,0.9956442953042864,,0.0,0.0,2.0832,0.5585217007006122,0.8974680069418864,False,False,False,False
5.03,,0.0,0.0,1.9997,0.47805575614761187,0.03653154829663726,0.9956442953042864,,0.0,0.0,2.0832,0.5585217007006122,0.8974680069418864,False,False,False,False
5.04,,0.0,0.0,1.9835,0.4894482214539288,0.3441988816143466,1.0288745494656961,,0.0,0.0,2.0832,0.5585217007006122,0.8974680069418864,False,False,True,False
5.05,,0.0,0.0,1.9835,0.4894482214539288,0.3441988816143466,1.0288745494656961,,0.0,0.0,2.0832,0.5585217007006122,0.8974680069418864,False,False,False,False
5.06,,0.0,0.0,1.9835,0.4894482214539288,0.3441988816143466,1.0288745494656961,,0.0,0.0,2.0832,0.5585217007006122,0.8974680069418864,False,False,False,False
5.07,,0.0,0.0,1.9675,0.48159164111020203,-0.23647896382809547,1.017137466394377,,0.0,0.0,2.0832,0.5585217007006122,0.8974680069418864,False,False,True,False
5.08,,0.0,0.0,1.9675,0.48159164111020203,-0.23647896382809547,1.017137466394377,,0.0,0.0,2.0832,0.5585217007006122,0.8974680069418864,False,False,False,False
5.09,,0.0,0.0,1.9675,0.48159164111020203,-0.23647896382809547,1.017137466394377,,0.0,0.0,2.0312,0.5214162499614979,-0.37206509572153956,False,False,False,True
5.1,,0.0,0.0,1.9512,0.48911018674287776,0.22560719376888835,1.0418937485506794,,0.0,0.0,2.0312,0.5214162499614979,-0.37206509572153956,False,False,False,False
5.11,,0.0,0.0,1.9512,0.48911018674287776,0.22560719376888835,1.0418937485506794,,0.0,0.0,2.0312,0.5214162499614979,-0.37206509572153956,False,False,False,False
5.12,,0.0,0.0,1.9512,0.48911018674287776,0.22560719376888835,1.0418937485506794,,0.0,0.0,2.0312,0.5214162499614979,-0.37206509572153956,False,False,False,False
5.13,,0.0,0.0,1.9512,0.48911018674287776,0.22560719376888835,1.0418937485506794,,0.0,0.0,2.0312,0.5214162499614979,-0.37206509572153956,False,False,False,False
5.14,,0.0,0.0,1.9355,0.46808216302853767,-0.6269326639760296,0.9985814814415872,,0.0,0.0,2.0312,0.5214162499614979,-0.37206509572153956,False,False,True,False
5.15,,0.0,0.0,1.9355,0.46808216302853767,-0.6269326639760296,0.9985814814415872,,0.0,0.0,2.0312,0.5214162499614979,-0.37206509572153956,False,False,False,False
5.16,,0.0,0.0,1.9355,0.46808216302853767,-0.6269326639760296,0.9985814814415872,,0.0,0.0,2.0312,0.5214162499614979,-0.37206509572153956,False,False,False,False
5.17,,0.0,0.0,1.9202,0.46026665383135607,-0.23511230497875443,0.9863307837160995,,0.0,0.0,2.0312,0.5214162499614979,-0.37206509572153956,False,False,True,False
5.18,,0.0,0.0,1.9202,0.46026665383135607,-0.23511230497875443,0.9863307837160995,,0.0,0.0,2.0312,0.5214162499614979,-0.37206509572153956,False,False,False,False
5.19,,0.0,0.0,1.9202,0.46026665383135607,-0.23511230497875443,0.9863307837160995,,0.0,0.0,2.0312,0.5214162499614979,-0.37206509572153956,False,False,False,False
5.2,,0.0,0.0,1.9202,0.46026665383135607,-0.23511230497875443,0.9863307837160995,,0.0,0.0,2.0312,0.5214162499614979,-0.37206509572153956,False,False,False,False
5.21,,0.0,0.0,1.9049,0.4574588394681775,-0.0839516013086115,0.9860766283134019,,0.0,0.0,2.0312,0.5214162499614979,-0.37206509572153956,False,False,True,False
5.22,,0.0,0.0,1.9049,0.4574588394681775,-0.0839516013086115,0.9860766283134019,,0.0,0.0,1.9544000000000001,0.5952959712352996,0.5726601618526176,False,False,False,False
5.23,,0.0,0.0,1.9049,0.4574588394681775,-0.0839516013086115,0.9860766283134019,,0.0,0.0,1.9544000000000001,0.5952959712352996,0.5726601618526176,False,False,False,False
5.24,,0.0,0.0,1.8898,0.45645768522387553,-0.030263877411002178,0.9901737999176756,,0.0,0.0,1.9544000000000001,0.5952959712352996,0.5726601618526176,False,False,True,False
5.25,,0.0,0.0,1.8898,0.45645768522387553,-0.030263877411002178,0.9901737999176756,,0.0,0.0,1.9544000000000001,0.5952959712352996,0.5726601618526176,False,False,False,False
5.26,,0.0,0.0,1.8898,0.45645768522387553,-0.030263877411002178,0.9901737999176756,,0.0,0.0,1.9544000000000001,0.5952959712352996,0.5726601618526176,False,False,False,False
5.27,,0.0,0.0,1.8749,0.44778179118487055,-0.26073203845072584,0.975457018810019,,0.0,0.0,1.9544000000000001,0.5952959712352996,0.5726601618526176,False,False,True,False
5.28,,0.0,0.0,1.8749,0.44778179118487055,-0.26073203845072584,0.975457018810019,,0.0,0.0,1.9544000000000001,0.5952959712352996,0.5726601618526176,False,False,False,False
5.29,,0.0,0.0,1.8749,0.44778179118487055,-0.26073203845072584,0.975457018810019,,0.0,0.0,1.9544000000000001,0.5952959712352996,0.5726601618526176,False,False,False,False
5.3,,0.0,0.0,1.8749,0.44778179118487055,-0.26073203845072584,0.975457018810019,,0.0,0.0,1.9544000000000001,0.5952959712352996,0.5726601618526176,False,False,False,False
5.31,,0.0,0.0,1.8599,0.4483209126522602,0.016113295219370594,0.9833761018674502,,0.0,0.0,1.9544000000000001,0.5952959712352996,0.5726601618526176,False,False,True,False
5.32,,0.0,0.0,1.8599,0.4483209126522602,0.016113295219370594,0.9833761018674502,,0.0,0.0,1.8914000000000002,0.6145783126512415,0.188103315101186,False,False,False,False
5.33,,0.0,0.0,1.8599,0.4483209126522602,0.016113295219370594,0.9833761018674502,,0.0,0.0,1.8914000000000002,0.6145783126512415,0.188103315101186,False,False,False,False
5.34,,0.0,0.0,1.845,0.4471831662248903,-0.034146379178008716,0.9872307693070221,,0.0,0.0,1.8914000000000002,0.6145783126512415,0.188103315101186,False,False,True,False
5.35,,0.0,0.0,1.845,0.4471831662248903,-0.034146379178008716,0.9872307693070221,,0.0,0.0,1.8914000000000002,0.6145783126512415,0.188103315101186,False,False,False,False
5.36,,0.0,0.0,1.845,0.4471831662248903,-0.034146379178008716,0.9872307693070221,,0.0,0.0,1.8914000000000002,0.6145783126512415,0.188103315101186,False,False,False,False
5.37,,0.0,0.0,1.8298,0.4583915571030398,0.33801524652990145,1.0222203475589358,,0.0,0.0,1.8914000000000002,0.6145783126512415,0.188103315101186,False,False,True,False
5.38,,0.0,0.0,1.8298,0.4583915571030398,0.33801524652990145,1.0222203475589358,,0.0,0.0,1.8914000000000002,0.6145783126512415,0.188103315101186,False,False,False,False
5.39,,0.0,0.0,1.8298,0.4583915571030398,0.33801524652990145,1.0222203475589358,,0.0,0.0,1.8914000000000002,0.6145783126512415,0.188103315101186,False,False,False,False
5.4,,0.0,0.0,1.8298,0.4583915571030398,0.33801524652990145,1.0222203475589358,,0.0,0.0,1.8914000000000002,0.6145783126512415,0.188103315101186,False,False,False,False
5.41,,0.0,0.0,1.8147,0.4480359055381307,-0.30726514743850114,1.003344880516885,,0.0,0.0,1.8914000000000002,0.6145783126512415,0.188103315101186,False,False,True,False
5.42,,0.0,0.0,1.8147,0.4480359055381307,-0.30726514743850114,1.003344880516885,,0.0,0.0,1.8914000000000002,0.6145783126512415,0.188103315101186,False,False,False,False
5.43,,0.0,0.0,1.8147,0.4480359055381307,-0.30726514743850114,1.003344880516885,,0.0,0.0,1.8297999999999999,0.5584644056546213,-0.5087275928543189,False,False,False,True
5.44,,0.0,0.0,1.7994,0.46048297621523177,0.37461857193156073,1.0422354445350184,,0.0,0.0,1.8297999999999999,0.5584644056546213,-0.5087275928543189,False,False,True,False
5.45,,0.0,0.0,1.7994,0.46048297621523177,0.37461857193156073,1.0422354445350184,,0.0,0.0,1.8297999999999999,0.5584644056546213,-0.5087275928543189,False,False,False,False
5.46,,0.0,0.0,1.7994,0.46048297621523177,0.37461857193156073,1.0422354445350184,,0.0,0.0,1.8297999999999999,0.5584644056546213,-0.5087275928543189,False,False,False,False
5.47,,0.0,0.0,1.784,0.4631679242377643,0.08075206508329127,1.0568276945827242,,0.0,0.0,1.8297999999999999,0.5584644056546213,-0.5087275928543189,False,False,True,False
5.48,,0.0,0.0,1.784,0.4631679242377643,0.08075206508329127,1.0568276945827242,,0.0,0.0,1.8297999999999999,0.5584644056546213,-0.5087275928543189,False,False,False,False
5.49,,0.0,0.0,1.784,0.4631679242377643,0.08075206508329127,1.0568276945827242,,0.0,0.0,1.8297999999999999,0.5584644056546213,-0.5087275928543189,False,False,False,False
5.5,,0.0,0.0,1.784,0.4631679242377643,0.08075206508329127,1.0568276945827242,,0.0,0.0,1.8297999999999999,0.5584644056546213,-0.5087275928543189,False,False,False,False
5.51,,0.0,0.0,1.7687,0.4573048258870109,-0.17524334447383697,1.0496092575670788,,0.0,0.0,1.8297999999999999,0.5584644056546213,-0.5087275928543189,False,False,False,False
5.52,,0.0,0.0,1.7687,0.4573048258870109,-0.17524334447383697,1.0496092575670788,,0.0,0.0,1.8297999999999999,0.5584644056546213,-0.5087275928543189,False,False,False,False
5.53,,0.0,0.0,1.7687,0.4573048258870109,-0.17524334447383697,1.0496092575670788,,0.0,0.0,1.7612,0.6993450704776729,1.436212805679574,False,False,False,True
5.54,,0.0,0.0,1.7533,0.46257314663160626,0.15824569508390088,1.0712886599915352,,0.0,0.0,1.7612,0.6993450704776729,1.436212805679574,False,False,True,False
5.55,,0.0,0.0,1.7533,0.46257314663160626,0.15824569508390088,1.0712886599915352,,0.0,0.0,1.7612,0.6993450704776729,1.436212805679574,False,False,False,False
5.56,,0.0,0.0,1.7533,0.46257314663160626,0.15824569508390088,1.0712886599915352,,0.0,0.0,1.7612,0.6993450704776729,1.436212805679574,False,False,False,False
5.57,,0.0,0.0,1.7379,0.46545794291284737,0.08719164563565658,1.087119279789051,,0.0,0.0,1.7612,0.6993450704776729,1.436212805679574,False,False,True,False
5.58,,0.0,0.0,1.7379,0.46545794291284737,0.08719164563565658,1.087119279789051,,0.0,0.0,1.7612,0.6993450704776729,1.436212805679574,False,False,False,False
5.59,,0.0,0.0,1.7379,0.46545794291284737,0.08719164563565658,1.087119279789051,,0.0,0.0,1.7612,0.6993450704776729,1.436212805679574,False,False,False,False
5.6,,0.0,0.0,1.7379,0.46545794291284737,0.08719164563565658,1.087119279789051,,0.0,0.0,1.7612,0.6993450704776729,1.436212805679574,False,False,False,False
5.61,,0.0,0.0,1.7226,0.45684340674041235,-0.257221833496974,1.072872527529648,,0.0,0.0,1.7612,0.6993450704776729,1.436212805679574,False,False,True,False
5.62,,0.0,0.0,1.7226,0.45684340674041235,-0.257221833496974,1.072872527529648,,0.0,0.0,1.7612,0.6993450704776729,1.436212805679574,False,False,False,False
5.63,,0.0,0.0,1.7226,0.45684340674041235,-0.257221833496974,1.072872527529648,,0.0,0.0,1.693,0.6871683858370267,-0.12268962946274774,False,False,False,False
5.64,,0.0,0.0,1.7075,0.4498812075264447,-0.20742798605426765,1.0627385471450324,,0.0,0.0,1.693,0.6871683858370267,-0.12268962946274774,False,False,True,False
5.65,,0.0,0.0,1.7075,0.4498812075264447,-0.20742798605426765,1.0627385471450324,,0.0,0.0,1.693,0.6871683858370267,-0.12268962946274774,False,False,False,False
5.66,,0.0,0.0,1.7075,0.4498812075264447,-0.20742798605426765,1.0627385471450324,,0.0,0.0,1.693,0.6871683858370267,-0.12268962946274774,False,False,False,False
5.67,,0.0,0.0,1.6924,0.45545318013698116,0.16806441358310975,1.0860744327844323,,0.0,0.0,1.693,0.6871683858370267,-0.12268962946274774,False,False,True,False
5.68,,0.0,0.0,1.6924,0.45545318013698116,0.16806441358310975,1.0860744327844323,,0.0,0.0,1.693,0.6871683858370267,-0.12268962946274774,False,False,False,False
5.69,,0.0,0.0,1.6924,0.45545318013698116,0.16806441358310975,1.0860744327844323,,0.0,0.0,1.693,0.6871683858370267,-0.12268962946274774,False,False,False,False
5.7,,0.0,0.0,1.6924,0.45545318013698116,0.16806441358310975,1.0860744327844323,,0.0,0.0,1.693,0.6871683858370267,-0.12268962946274774,False,False,False,False
5.71,,0.0,0.0,1.6777,0.44574587415192635,-0.2943531695216669,1.068356362985468,,0.0,0.0,1.693,0.6871683858370267,-0.12268962946274774,False,False,True,False
5.72,,0.0,0.0,1.6777,0.44574587415192635,-0.2943531695216669,1.068356362985468,,0.0,0.0,1.693,0.6871683858370267,-0.12268962946274774,False,False,False,False
5.73,,0.0,0.0,1.6777,0.44574587415192635,-0.2943531695216669,1.068356362985468,,0.0,0.0,1.693,0.6871683858370267,-0.12268962946274774,False,False,False,False
5.74,,0.0,0.0,1.6628,0.4427372548721316,-0.08939784167058373,1.0687555636407613,,0.0,0.0,1.693,0.6871683858370267,-0.12268962946274774,False,False,True,False
5.75,,0.0,0.0,1.6628,0.4427372548721316,-0.08939784167058373,1.0687555636407613,,0.0,0.0,1.6169999999999998,0.6434319549711429,-0.3702818054670488,False,False,False,True
5.76,,0.0,0.0,1.6628,0.4427372548721316,-0.08939784167058373,1.0687555636407613,,0.0,0.0,1.6169999999999998,0.6434319549711429,-0.3702818054670488,False,False,False,False
5.77,,0.0,0.0,1.6481,0.4438680266219467,0.03414377041838483,1.0804561896026077,,0.0,0.0,1.6169999999999998,0.6434319549711429,-0.3702818054670488,False,False,False,False
5.78,,0.0,0.0,1.6481,0.4438680266219467,0.03414377041838483,1.0804561896026077,,0.0,0.0,1.6169999999999998,0.6434319549711429,-0.3702818054670488,False,False,False,False
5.79,,0.0,0.0,1.6481,0.4438680266219467,0.03414377041838483,1.0804561896026077,,0.0,0.0,1.6169999999999998,0.6434319549711429,-0.3702818054670488,False,False,False,False
5.8,,0.0,0.0,1.6481,0.4438680266219467,0.03414377041838483,1.0804561896026077,,0.0,0.0,1.6169999999999998,0.6434319549711429,-0.3702818054670488,False,False,False,False
5.81,,0.0,0.0,1.6336,0.434420587197612,-0.28304566774023127,1.0630312838021436,,0.0,0.0,1.6169999999999998,0.6434319549711429,-0.3702818054670488,False,False,True,False
5.82,,0.0,0.0,1.6336,0.434420587197612,-0.28304566774023127,1.0630312838021436,,0.0,0.0,1.6169999999999998,0.6434319549711429,-0.3702818054670488,False,False,False,False
5.83,,0.0,0.0,1.6336,0.434420587197612,-0.28304566774023127,1.0630312838021436,,0.0,0.0,1.6169999999999998,0.6434319549711429,-0.3702818054670488,False,False,False,False
5.84,,0.0,0.0,1.6188,0.44210312999456697,0.2294916362737176,1.093320467129402,,0.0,0.0,1.6169999999999998,0.6434319549711429,-0.3702818054670488,False,False,True,False
5.85,,0.0,0.0,1.6188,0.44210312999456697,0.2294916362737176,1.093320467129402,,0.0,0.0,1.6169999999999998,0.6434319549711429,-0.3702818054670488,False,False,False,False
5.86,,0.0,0.0,1.6188,0.44210312999456697,0.2294916362737176,1.093320467129402,,0.0,0.0,1.6169999999999998,0.6434319549711429,-0.3702818054670488,False,False,False,False
5.87,,0.0,0.0,1.6041,0.44315892848873684,0.03182901560383285,1.1054848943430076,,0.0,0.0,1.5444,0.5971148987240474,-0.38094496350110896,False,False,False,True
5.88,,0.0,0.0,1.6041,0.44315892848873684,0.03182901560383285,1.1054848943430076,,0.0,0.0,1.5444,0.5971148987240474,-0.38094496350110896,False,False,False,False
5.89,,0.0,0.0,1.6041,0.44315892848873684,0.03182901560383285,1.1054848943430076,,0.0,0.0,1.5444,0.5971148987240474,-0.38094496350110896,False,False,False,False
5.9,,0.0,0.0,1.6041,0.44315892848873684,0.03182901560383285,1.1054848943430076,,0.0,0.0,1.5444,0.5971148987240474,-0.38094496350110896,False,False,False,False
5.91,,0.0,0.0,1.5895,0.4370177240021262,-0.18382295940891794,1.0974458198564798,,0.0,0.0,1.5444,0.5971148987240474,-0.38094496350110896,False,False,True,False
5.92,,0.0,0.0,1.5895,0.4370177240021262,-0.18382295940891794,1.0974458198564798,,0.0,0.0,1.5444,0.5971148987240474,-0.38094496350110896,False,False,False,False
5.93,,0.0,0.0,1.5895,0.4370177240021262,-0.18382295940891794,1.0974458198564798,,0.0,0.0,1.5444,0.5971148987240474,-0.38094496350110896,False,False,False,False
5.94,,0.0,0.0,1.5747,0.44358551369599536,0.19684975440555655,1.1258133611098,,0.0,0.0,1.5444,0.5971148987240474,-0.38094496350110896,False,False,True,False
5.95,,0.0,0.0,1.5747,0.44358551369599536,0.19684975440555655,1.1258133611098,,0.0,0.0,1.5444,0.5971148987240474,-0.38094496350110896,False,False,False,False
5.96,,0.0,0.0,1.5747,0.44358551369599536,0.19684975440555655,1.1258133611098,,0.0,0.0,1.5444,0.5971148987240474,-0.38094496350110896,False,False,False,False
5.97,,0.0,0.0,1.5599,0.44338819523269246,-0.005911397116889231,1.13522748781052,,0.0,0.0,1.4742,0.6994377078784698,1.0194933204936647,False,False,False,True
5.98,,0.0,0.0,1.5599,0.44338819523269246,-0.005911397116889231,1.13522748781052,,0.0,0.0,1.4742,0.6994377078784698,1.0194933204936647,False,False,False,False
5.99,,0.0,0.0,1.5599,0.44338819523269246,-0.005911397116889231,1.13522748781052,,0.0,0.0,1.4742,0.6994377078784698,1.0194933204936647,False,False,False,False
6.0,,0.0,0.0,1.5599,0.44338819523269246,-0.005911397116889231,1.13522748781052,,0.0,0.0,1.4742,0.6994377078784698,1.0194933204936647,False,False,False,False
6.01,,0.0,0.0,1.545,0.44683299170102014,0.10330528266737937,1.1555560856439335,,0.0,0.0,1.4742,0.6994377078784698,1.0194933204936647,False,False,True,False
6.02,,0.0,0.0,1.545,0.44683299170102014,0.10330528266737937,1.1555560856439335,,0.0,0.0,1.4742,0.6994377078784698,1.0194933204936647,False,False,False,False
6.03,,0.0,0.0,1.545,0.44683299170102014,0.10330528266737937,1.1555560856439335,,0.0,0.0,1.4742,0.6994377078784698,1.0194933204936647,False,False,False,False
6.04,,0.0,0.0,1.5302,0.44291941835343307,-0.11712146154032253,1.154635538971002,,0.0,0.0,1.4742,0.6994377078784698,1.0194933204936647,False,False,True,False
6.05,,0.0,0.0,1.5302,0.44291941835343307,-0.11712146154032253,1.154635538971002,,0.0,0.0,1.4742,0.6994377078784698,1.0194933204936647,False,False,False,False
6.06,,0.0,0.0,1.5302,0.44291941835343307,-0.11712146154032253,1.154635538971002,,0.0,0.0,1.4742,0.6994377078784698,1.0194933204936647,False,False,False,False
6.07,,0.0,0.0,1.5155,0.4447722378857287,0.056060046923641665,1.17080128077777,,0.0,0.0,1.4742,0.6994377078784698,1.0194933204936647,False,False,True,False
6.08,,0.0,0.0,1.5155,0.4447722378857287,0.056060046923641665,1.17080128077777,,0.0,0.0,1.4742,0.6994377078784698,1.0194933204936647,False,False,False,False
6.09,,0.0,0.0,1.5155,0.4447722378857287,0.056060046923641665,1.17080128077777,,0.0,0.0,1.4103999999999999,0.5126365059415695,-1.5009579226742635,False,False,False,False
6.1,,0.0,0.0,1.5155,0.4447722378857287,0.056060046923641665,1.17080128077777,,0.0,0.0,1.4103999999999999,0.5126365059415695,-1.5009579226742635,False,False,False,False
6.11,,0.0,0.0,1.5007,0.4424042302453448,-0.07078490522696838,1.17478560359855,,0.0,0.0,1.4103999999999999,0.5126365059415695,-1.5009579226742635,False,False,True,False
6.12,,0.0,0.0,1.5007,0.4424042302453448,-0.07078490522696838,1.17478560359855,,0.0,0.0,1.4103999999999999,0.5126365059415695,-1.5009579226742635,False,False,False,False
6.13,,0.0,0.0,1.5007,0.4424042302453448,-0.07078490522696838,1.17478560359855,,0.0,0.0,1.4103999999999999,0.5126365059415695,-1.5009579226742635,False,False,False,False
6.14,,0.0,0.0,1.4862,0.432506547850853,-0.2952284444252291,1.1559402560983083,,0.0,0.0,1.4103999999999999,0.5126365059415695,-1.5009579226742635,False,False,True,False
6.15,,0.0,0.0,1.4862,0.432506547850853,-0.2952284444252291,1.1559402560983083,,0.0,0.0,1.4103999999999999,0.5126365059415695,-1.5009579226742635,False,False,False,False
6.16,,0.0,0.0,1.4862,0.432506547850853,-0.2952284444252291,1.1559402560983083,,0.0,0.0,1.4103999999999999,0.5126365059415695,-1.5009579226742635,False,False,False,False
6.17,,0.0,0.0,1.4718,0.42971405871613055,-0.08333137777793669,1.1584127494451175,,0.0,0.0,1.4103999999999999,0.5126365059415695,-1.5009579226742635,False,False,True,False
6.18,1.8684959673346033,0.0,0.0,1.4718,0.42971405871613055,-0.08333137777793669,1.1584127494451175,,0.0,0.0,1.4103999999999999,0.5126365059415695,-1.5009579226742635,True,False,False,False
6.19,1.8684959673346033,0.0,0.0,1.4718,0.42971405871613055,-0.08333137777793669,1.1584127494451175,,0.0,0.0,1.4103999999999999,0.5126365059415695,-1.5009579226742635,False,False,False,False
6.2,1.8684959673346033,0.0,0.0,1.4718,0.42971405871613055,-0.08333137777793669,1.1584127494451175,,0.0,0.0,1.3528,0.5323238895132172,0.1819455659235786,False,False,False,True
6.21,1.8684959673346033,0.0,0.0,1.4575,0.4311101635396739,0.042089159356384874,1.1738332658858739,,0.0,0.0,1.3528,0.5323238895132172,0.1819455659235786,False,False,True,False
6.22,1.816751670390273,1.2887575711166348,0.0,1.4575,0.4311101635396739,0.042089159356384874,1.1738332658858739,,0.0,0.0,1.3528,0.5323238895132172,0.1819455659235786,True,False,False,False
6.23,1.816751670390273,1.2887575711166348,0.0,1.4575,0.4311101635396739,0.042089159356384874,1.1738332658858739,,0.0,0.0,1.3528,0.5323238895132172,0.1819455659235786,False,False,False,False
6.24,1.816751670390273,1.2887575711166348,0.0,1.4434,0.42494618553838365,-0.18577013754544722,1.1659607948332051,,0.0,0.0,1.3528,0.5323238895132172,0.1819455659235786,False,False,True,False
6.25,1.7602082778508672,1.873421322728609,19.37134454981686,1.4434,0.42494618553838365,-0.18577013754544722,1.1659607948332051,,0.0,0.0,1.3528,0.5323238895132172,0.1819455659235786,True,False,False,False
6.26,1.7602082778508672,1.873421322728609,19.37134454981686,1.4434,0.42494618553838365,-0.18577013754544722,1.1659607948332051,,0.0,0.0,1.3528,0.5323238895132172,0.1819455659235786,False,False,False,False
6.27,1.7602082778508672,1.873421322728609,19.37134454981686,1.4293,0.421035079806744,-0.11678813573429214,1.1650874957506718,,0.0,0.0,1.3528,0.5323238895132172,0.1819455659235786,False,False,True,False
6.28,1.7067665871237647,1.7358340005050588,-4.468959509040455,1.4293,0.421035079806744,-0.11678813573429214,1.1650874957506718,,0.0,0.0,1.3528,0.5323238895132172,0.1819455659235786,True,False,False,False
6.29,1.7067665871237647,1.7358340005050588,-4.468959509040455,1.4293,0.421035079806744,-0.11678813573429214,1.1650874957506718,,0.0,0.0,1.3528,0.5323238895132172,0.1819455659235786,False,False,False,False
6.3,1.7067665871237647,1.7358340005050588,-4.468959509040455,1.4293,0.421035079806744,-0.11678813573429214,1.1650874957506718,,0.0,0.0,1.3528,0.5323238895132172,0.1819455659235786,False,False,False,False
6.31,1.7067665871237647,1.7358340005050588,-4.468959509040455,1.4152,0.4258200872079574,0.1445072531117314,1.1918555343000463,,0.0,0.0,1.31,0.41316876190852614,-1.150261134286979,False,False,False,True
6.32,1.672757990722316,1.0249045633566407,-21.425019008633452,1.4152,0.4258200872079574,0.1445072531117314,1.1918555343000463,,0.0,0.0,1.31,0.41316876190852614,-1.150261134286979,True,False,False,False
6.33,1.672757990722316,1.0249045633566407,-21.425019008633452,1.4152,0.4258200872079574,0.1445072531117314,1.1918555343000463,,0.0,0.0,1.31,0.41316876190852614,-1.150261134286979,False,False,False,False
6.34,1.672757990722316,1.0249045633566407,-21.425019008633452,1.4014,0.41271734054037085,-0.39186454771163115,1.1616941902471327,,0.0,0.0,1.31,0.41316876190852614,-1.150261134286979,False,False,True,False
6.35,1.660106546727224,0.34837936432599514,-18.629289975140097,1.4014,0.41271734054037085,-0.39186454771163115,1.1616941902471327,,0.0,0.0,1.31,0.41316876190852614,-1.150261134286979,True,False,False,False
6.36,1.660106546727224,0.34837936432599514,-18.629289975140097,1.4014,0.41271734054037085,-0.39186454771163115,1.1616941902471327,,0.0,0.0,1.31,0.41316876190852614,-1.150261134286979,False,False,False,False
6.37,1.660106546727224,0.34837936432599514,-18.629289975140097,1.3876,0.4135310227377405,0.024382813859548266,1.1760275687683017,,0.0,0.0,1.31,0.41316876190852614,-1.150261134286979,False,False,True,False
6.38,1.65022172073432,0.3241052371640881,-0.7959039184310155,1.3876,0.4135310227377405,0.024382813859548266,1.1760275687683017,,0.0,0.0,1.31,0.41316876190852614,-1.150261134286979,True,False,False,False
6.39,1.65022172073432,0.3241052371640881,-0.7959039184310155,1.3876,0.4135310227377405,0.024382813859548266,1.1760275687683017,,0.0,0.0,1.31,0.41316876190852614,-1.150261134286979,False,False,False,False
6.4,1.65022172073432,0.3241052371640881,-0.7959039184310155,1.3876,0.4135310227377405,0.024382813859548266,1.1760275687683017,,0.0,0.0,1.31,0.41316876190852614,-1.150261134286979,False,False,False,False
6.41,1.65022172073432,0.3241052371640881,-0.7959039184310155,1.3735,0.4233229446079833,0.29398192904131165,1.220352177849704,,0.0,0.0,1.2696,0.39186850351859126,-0.20660644504512626,False,False,True,False
6.42,1.65022172073432,0.3241052371640881,-0.7959039184310155,1.3735,0.4233229446079833,0.29398192904131165,1.220352177849704,,0.0,0.0,1.2696,0.39186850351859126,-0.20660644504512626,False,False,False,False
6.43,1.6123249045635224,0.8997905323161195,13.6685935788602,1.3735,0.4233229446079833,0.29398192904131165,1.220352177849704,,0.0,0.0,1.2696,0.39186850351859126,-0.20660644504512626,False,False,False,False
6.44,1.6123249045635224,0.8997905323161195,13.6685935788602,1.3598,0.4113865058499729,-0.35842991481387465,1.1935640242046452,,0.0,0.0,1.2696,0.39186850351859126,-0.20660644504512626,False,False,True,False
6.45,1.5695609295032642,1.7413766322567965,34.2699285181928,1.3598,0.4113865058499729,-0.35842991481387465,1.1935640242046452,,0.0,0.0,1.2696,0.39186850351859126,-0.20660644504512626,True,False,False,False
6.46,1.5695609295032642,1.7413766322567965,34.2699285181928,1.3598,0.4113865058499729,-0.35842991481387465,1.1935640242046452,,0.0,0.0,1.2696,0.39186850351859126,-0.20660644504512626,False,False,False,False
6.47,1.5695609295032642,1.7413766322567965,34.2699285181928,1.3458,0.417557455905934,0.18405187184926788,1.2270190710574453,,0.0,0.0,1.2696,0.39186850351859126,-0.20660644504512626,False,False,True,False
6.48,1.5695609295032642,1.7413766322567965,34.2699285181928,1.3458,0.417557455905934,0.18405187184926788,1.2270190710574453,,0.0,0.0,1.2696,0.39186850351859126,-0.20660644504512626,False,False,False,False
6.49,1.5673908003494126,0.06208213354644447,-48.040544106654544,1.3458,0.417557455905934,0.18405187184926788,1.2270190710574453,,0.0,0.0,1.2696,0.39186850351859126,-0.20660644504512626,False,False,False,False
6.5,1.5673908003494126,0.06208213354644447,-48.040544106654544,1.3458,0.417557455905934,0.18405187184926788,1.2270190710574453,,0.0,0.0,1.2696,0.39186850351859126,-0.20660644504512626,False,False,False,False
6.51,1.5673908003494126,0.06208213354644447,-48.040544106654544,1.3319,0.42077227392844246,0.09731699925158388,1.2512266753157357,,0.0,0.0,1.2696,0.39186850351859126,-0.20660644504512626,False,False,True,False
6.52,1.5673908003494126,0.06208213354644447,-48.040544106654544,1.3319,0.42077227392844246,0.09731699925158388,1.2512266753157357,,0.0,0.0,1.2696,0.39186850351859126,-0.20660644504512626,False,False,False,False
6.53,1.5471008846590475,0.4974235776314761,10.672745116967667,1.3319,0.42077227392844246,0.09731699925158388,1.2512266753157357,,0.0,0.0,1.226,0.357604039810189,-0.28103464779940895,False,False,False,False
6.54,1.5471008846590475,0.4974235776314761,10.672745116967667,1.3179,0.4185961957977661,-0.06506414480427485,1.2577752072006263,,0.0,0.0,1.226,0.357604039810189,-0.28103464779940895,False,False,True,False
6.55,1.4817175940968106,3.0828331594232314,121.90249711967829,1.3179,0.4185961957977661,-0.06506414480427485,1.2577752072006263,,0.0,0.0,1.226,0.357604039810189,-0.28103464779940895,True,False,False,False
6.56,1.4817175940968106,3.0828331594232314,121.90249711967829,1.3179,0.4185961957977661,-0.06506414480427485,1.2577752072006263,,0.0,0.0,1.226,0.357604039810189,-0.28103464779940895,False,False,False,False
6.57,1.4817175940968106,3.0828331594232314,121.90249711967829,1.3041,0.41631913069669585,-0.06869462053748839,1.2640215779991764,,0.0,0.0,1.226,0.357604039810189,-0.28103464779940895,False,False,True,False
6.58,1.4400654610798196,1.1730277756778549,-53.78487484323006,1.3041,0.41631913069669585,-0.06869462053748839,1.2640215779991764,,0.0,0.0,1.226,0.357604039810189,-0.28103464779940895,True,False,False,False
6.59,1.4400654610798196,1.1730277756778549,-53.78487484323006,1.3041,0.41631913069669585,-0.06869462053748839,1.2640215779991764,,0.0,0.0,1.226,0.357604039810189,-0.28103464779940895,False,False,False,False
6.6,1.4400654610798196,1.1730277756778549,-53.78487484323006,1.3041,0.41631913069669585,-0.06869462053748839,1.2640215779991764,,0.0,0.0,1.226,0.357604039810189,-0.28103464779940895,False,False,False,False
6.61,1.4400654610798196,1.1730277756778549,-53.78487484323006,1.2905,0.407979111469496,-0.2501877672023156,1.2491470331011276,,0.0,0.0,1.226,0.357604039810189,-0.28103464779940895,False,False,True,False
6.62,1.4036367263477105,0.9173999758065269,-6.437581188092359,1.2905,0.407979111469496,-0.2501877672023156,1.2491470331011276,,0.0,0.0,1.226,0.357604039810189,-0.28103464779940895,True,False,False,False
6.63,1.4036367263477105,0.9173999758065269,-6.437581188092359,1.2905,0.407979111469496,-0.2501877672023156,1.2491470331011276,,0.0,0.0,1.1764000000000001,0.5037413356490286,1.4841813829434367,False,False,False,True
6.64,1.4036367263477105,0.9173999758065269,-6.437581188092359,1.2767,0.4092612135199971,0.03802280007569274,1.2682107398533577,,0.0,0.0,1.1764000000000001,0.5037413356490286,1.4841813829434367,False,False,True,False
6.65,1.3630671797957885,1.5064000458022888,21.870338907624095,1.2767,0.4092612135199971,0.03802280007569274,1.2682107398533577,,0.0,0.0,1.1764000000000001,0.5037413356490286,1.4841813829434367,True,False,False,False
6.66,1.3630671797957885,1.5064000458022888,21.870338907624095,1.2767,0.4092612135199971,0.03802280007569274,1.2682107398533577,,0.0,0.0,1.1764000000000001,0.5037413356490286,1.4841813829434367,False,False,False,False
6.67,1.3630671797957885,1.5064000458022888,21.870338907624095,1.2632,0.4078104337604643,-0.04382541652044413,1.2777429511509133,,0.0,0.0,1.1764000000000001,0.5037413356490286,1.4841813829434367,False,False,True,False
6.68,1.333827737707197,0.8851801929642231,-18.806498001648215,1.2632,0.4078104337604643,-0.04382541652044413,1.2777429511509133,,0.0,0.0,1.1764000000000001,0.5037413356490286,1.4841813829434367,True,False,False,False
6.69,1.333827737707197,0.8851801929642231,-18.806498001648215,1.2632,0.4078104337604643,-0.04382541652044413,1.2777429511509133,,0.0,0.0,1.1764000000000001,0.5037413356490286,1.4841813829434367,False,False,False,False
6.7,1.333827737707197,0.8851801929642231,-18.806498001648215,1.2632,0.4078104337604643,-0.04382541652044413,1.2777429511509133,,0.0,0.0,1.1764000000000001,0.5037413356490286,1.4841813829434367,False,False,False,False
6.71,1.333827737707197,0.8851801929642231,-18.806498001648215,1.2498,0.4008742169191398,-0.2075037682572591,1.2676772681016226,,0.0,0.0,1.1764000000000001,0.5037413356490286,1.4841813829434367,False,False,True,False
6.72,1.349444764262668,0.0,-25.601474372623375,1.2498,0.4008742169191398,-0.2075037682572591,1.2676772681016226,,0.0,0.0,1.1764000000000001,0.5037413356490286,1.4841813829434367,True,False,False,False
6.73,1.349444764262668,0.0,-25.601474372623375,1.2498,0.4008742169191398,-0.2075037682572591,1.2676772681016226,,0.0,0.0,1.1764000000000001,0.5037413356490286,1.4841813829434367,False,False,False,False
6.74,1.349444764262668,0.0,-25.601474372623375,1.2365,0.3943939831016822,-0.19216279899979746,1.259035435307854,,0.0,0.0,1.1764000000000001,0.5037413356490286,1.4841813829434367,False,False,True,False
6.75,1.3161190034827,0.9937461109845159,29.63267184257209,1.2365,0.3943939831016822,-0.19216279899979746,1.259035435307854,,0.0,0.0,1.1764000000000001,0.5037413356490286,1.4841813829434367,True,False,False,False
6.76,1.3161190034827,0.9937461109845159,29.63267184257209,1.2365,0.3943939831016822,-0.19216279899979746,1.259035435307854,,0.0,0.0,1.1764000000000001,0.5037413356490286,1.4841813829434367,False,False,False,False
6.77,1.3161190034827,0.9937461109845159,29.63267184257209,1.2233,0.4050980484585556,0.32849969595774914,1.3137577970765189,,0.0,0.0,1.1764000000000001,0.5037413356490286,1.4841813829434367,False,False,False,False
6.78,1.2474845631431983,2.222728447227888,39.80063050556476,1.2233,0.4050980484585556,0.32849969595774914,1.3137577970765189,,0.0,0.0,1.1764000000000001,0.5037413356490286,1.4841813829434367,True,False,False,False
6.79,1.2474845631431983,2.222728447227888,39.80063050556476,1.2233,0.4050980484585556,0.32849969595774914,1.3137577970765189,,0.0,0.0,1.1764000000000001,0.5037413356490286,1.4841813829434367,False,False,False,False
6.8,1.2474845631431983,2.222728447227888,39.80063050556476,1.2233,0.4050980484585556,0.32849969595774914,1.3137577970765189,,0.0,0.0,1.1764000000000001,0.5037413356490286,1.4841813829434367,False,False,False,False
6.81,1.2338247366836292,0.46975646289829176,-60.28406886103646,1.2103,0.3862661352278564,-0.559548487889881,1.259084630926049,,0.0,0.0,1.1764000000000001,0.5037413356490286,1.4841813829434367,False,False,True,False
6.82,1.2338247366836292,0.46975646289829176,-60.28406886103646,1.2103,0.3862661352278564,-0.559548487889881,1.259084630926049,,0.0,0.0,1.1764000000000001,0.5037413356490286,1.4841813829434367,False,False,False,False
6.83,1.2338247366836292,0.46975646289829176,-60.28406886103646,1.2103,0.3862661352278564,-0.559548487889881,1.259084630926049,,0.0,0.0,1.1764000000000001,0.5037413356490286,1.4841813829434367,False,False,False,False
6.84,1.2338247366836292,0.46975646289829176,-60.28406886103646,1.1973,0.38988421998203115,0.10851031940079306,1.2882759336345697,,0.0,0.0,1.1764000000000001,0.5037413356490286,1.4841813829434367,False,False,True,False
6.85,1.3280850341171888,0.0,-12.512520682953147,1.1973,0.38988421998203115,0.10851031940079306,1.2882759336345697,,0.0,0.0,1.1764000000000001,0.5037413356490286,1.4841813829434367,True,False,False,False
6.86,1.3280850341171888,0.0,-12.512520682953147,1.1973,0.38988421998203115,0.10851031940079306,1.2882759336345697,,0.0,0.0,1.1764000000000001,0.5037413356490286,1.4841813829434367,False,False,False,False
6.87,1.3280850341171888,0.0,-12.512520682953147,1.1844,0.3931607343486671,0.09986021662717329,1.3168745986456314,,0.0,0.0,1.1764000000000001,0.5037413356490286,1.4841813829434367,False,False,True,False
6.88,1.3280850341171888,0.0,-12.512520682953147,1.1844,0.3931607343486671,0.09986021662717329,1.3168745986456314,,0.0,0.0,1.1764000000000001,0.5037413356490286,1.4841813829434367,False,False,False,False
6.89,1.3280850341171888,0.0,-12.512520682953147,1.1844,0.3931607343486671,0.09986021662717329,1.3168745986456314,,0.0,0.0,1.1764000000000001,0.5037413356490286,1.4841813829434367,False,False,False,False
6.9,1.3280850341171888,0.0,-12.512520682953147,1.1844,0.3931607343486671,0.09986021662717329,1.3168745986456314,,0.0,0.0,1.1764000000000001,0.5037413356490286,1.4841813829434367,False,False,False,False
6.91,1.3280850341171888,0.0,-12.512520682953147,1.1716,0.381568705261067,-0.3455590258050175,1.2884077649800567,,0.0,0.0,1.1764000000000001,0.5037413356490286,1.4841813829434367,False,False,True,False
6.92,1.3280850341171888,0.0,-12.512520682953147,1.1716,0.381568705261067,-0.3455590258050175,1.2884077649800567,,0.0,0.0,1.1764000000000001,0.5037413356490286,1.4841813829434367,False,False,False,False
6.93,1.2818614950363778,0.5593196855679532,6.767948038701868,1.1716,0.381568705261067,-0.3455590258050175,1.2884077649800567,,0.0,0.0,1.1764000000000001,0.5037413356490286,1.4841813829434367,True,False,False,False
6.94,1.2818614950363778,0.5593196855679532,6.767948038701868,1.1589,0.37772581222351825,-0.11429605463749722,1.2896999016174604,,0.0,0.0,1.1764000000000001,0.5037413356490286,1.4841813829434367,False,False,True,False
6.95,1.1301026203132876,3.5,155.29312529742123,1.1589,0.37772581222351825,-0.11429605463749722,1.2896999016174604,,0.0,0.0,1.1764000000000001,0.5037413356490286,1.4841813829434367,True,False,False,False
6.96,1.1301026203132876,3.5,155.29312529742123,1.1589,0.37772581222351825,-0.11429605463749722,1.2896999016174604,,0.0,0.0,1.1221999999999999,0.16238254768462448,-1.0227068203726055,False,False,False,True
6.97,1.1301026203132876,3.5,155.29312529742123,1.1462,0.3827883873456754,0.1525901548682578,1.326647421710535,,0.0,0.0,1.1221999999999999,0.16238254768462448,-1.0227068203726055,False,False,True,False
6.98,1.0997186349915504,1.0706355274185377,-85.6031190725117,1.1462,0.3827883873456754,0.1525901548682578,1.326647421710535,,0.0,0.0,1.1221999999999999,0.16238254768462448,-1.0227068203726055,True,False,False,False
6.99,1.0997186349915504,1.0706355274185377,-85.6031190725117,1.1462,0.3827883873456754,0.1525901548682578,1.326647421710535,,0.0,0.0,1.1221999999999999,0.16238254768462448,-1.0227068203726055,False,False,False,False
7.0,1.0997186349915504,1.0706355274185377,-85.6031190725117,1.1462,0.3827883873456754,0.1525901548682578,1.326647421710535,,0.0,0.0,1.1221999999999999,0.16238254768462448,-1.0227068203726055,False,False,False,False
7.01,1.0997186349915504,1.0706355274185377,-85.6031190725117,1.1338,0.3702804767110346,-0.3735028316494954,1.293319207015869,,0.0,0.0,1.1221999999999999,0.16238254768462448,-1.0227068203726055,False,False,True,False
7.02,1.1464315737208808,0.0,-23.28148762200374,1.1338,0.3702804767110346,-0.3735028316494954,1.293319207015869,,0.0,0.0,1.1221999999999999,0.16238254768462448,-1.0227068203726055,True,False,False,False
7.03,1.1464315737208808,0.0,-23.28148762200374,1.1338,0.3702804767110346,-0.3735028316494954,1.293319207015869,,0.0,0.0,1.1221999999999999,0.16238254768462448,-1.0227068203726055,False,False,False,False
7.04,1.1464315737208808,0.0,-23.28148762200374,1.1212,0.37906356137797736,0.26423391696314674,1.3466341154227641,,0.0,0.0,1.1221999999999999,0.16238254768462448,-1.0227068203726055,False,False,True,False
7.05,1.1464315737208808,0.0,-23.28148762200374,1.1212,0.37906356137797736,0.26423391696314674,1.3466341154227641,,0.0,0.0,1.1221999999999999,0.16238254768462448,-1.0227068203726055,False,False,False,False
7.06,1.1223666975755764,0.7146810087476444,21.224665407813173,1.1212,0.37906356137797736,0.26423391696314674,1.3466341154227641,,0.0,0.0,1.1221999999999999,0.16238254768462448,-1.0227068203726055,True,False,False,False
7.07,1.1223666975755764,0.7146810087476444,21.224665407813173,1.1089,0.37125628781381126,-0.23565035783570873,1.332279986036863,,0.0,0.0,1.1221999999999999,0.16238254768462448,-1.0227068203726055,False,False,True,False
7.08,0.9987341568801,3.5,124.72804747829899,1.1089,0.37125628781381126,-0.23565035783570873,1.332279986036863,,0.0,0.0,1.1221999999999999,0.16238254768462448,-1.0227068203726055,True,False,False,False
7.09,0.9987341568801,3.5,124.72804747829899,1.1089,0.37125628781381126,-0.23565035783570873,1.332279986036863,1.5515008527498946,0.0,0.0,1.1221999999999999,0.16238254768462448,-1.0227068203726055,False,True,False,False
7.1,0.9987341568801,3.5,124.72804747829899,1.1089,0.37125628781381126,-0.23565035783570873,1.332279986036863,1.5515008527498946,0.0,0.0,1.0512000000000001,0.5000698689168942,2.3784120346974493,False,False,False,True
7.11,0.9987341568801,3.5,124.72804747829899,1.0967,0.36335269943655335,-0.23539263705836327,1.3171137976231975,1.5515008527498946,0.0,0.0,1.0512000000000001,0.5000698689168942,2.3784120346974493,False,False,True,False
7.12,0.9736435617257109,0.6227966863134423,-71.4177036689614,1.0967,0.36335269943655335,-0.23539263705836327,1.3171137976231975,1.5515008527498946,0.0,0.0,1.0512000000000001,0.5000698689168942,2.3784120346974493,True,False,False,False
7.13,0.9736435617257109,0.6227966863134423,-71.4177036689614,1.0967,0.36335269943655335,-0.23539263705836327,1.3171137976231975,1.5336937805412845,0.538385558826951,0.0,1.0512000000000001,0.5000698689168942,2.3784120346974493,False,True,False,False
7.14,0.9736435617257109,0.6227966863134423,-71.4177036689614,1.0846,0.3599764283864588,-0.10044446230393606,1.3208025829020271,1.5336937805412845,0.538385558826951,0.0,1.0512000000000001,0.5000698689168942,2.3784120346974493,False,False,True,False
7.15,0.9733730895987893,0.008491314010748065,-19.285757368354016,1.0846,0.3599764283864588,-0.10044446230393606,1.3208025829020271,1.5336937805412845,0.538385558826951,0.0,1.0512000000000001,0.5000698689168942,2.3784120346974493,True,False,False,False
7.16,0.9733730895987893,0.008491314010748065,-19.285757368354016,1.0846,0.3599764283864588,-0.10044446230393606,1.3208025829020271,1.5052283015702825,0.8774168078915211,-10.45026210986113,1.0512000000000001,0.5000698689168942,2.3784120346974493,False,True,False,False
7.17,0.9733730895987893,0.008491314010748065,-19.285757368354016,1.0725,0.36754271028546076,0.22982907073909048,1.3720063678409078,1.5052283015702825,0.8774168078915211,-10.45026210986113,1.0512000000000001,0.5000698689168942,2.3784120346974493,False,False,True,False
7.18,0.9751887327956519,0.0,-0.3552294573916138,1.0725,0.36754271028546076,0.22982907073909048,1.3720063678409078,1.5052283015702825,0.8774168078915211,-10.45026210986113,1.0512000000000001,0.5000698689168942,2.3784120346974493,True,False,False,False
7.19,0.9751887327956519,0.0,-0.3552294573916138,1.0725,0.36754271028546076,0.22982907073909048,1.3720063678409078,1.4562935786629057,1.436018250472829,-16.392488168483787,1.0512000000000001,0.5000698689168942,2.3784120346974493,False,True,False,False
7.2,0.9751887327956519,0.0,-0.3552294573916138,1.0725,0.36754271028546076,0.22982907073909048,1.3720063678409078,1.4562935786629057,1.436018250472829,-16.392488168483787,1.0512000000000001,0.5000698689168942,2.3784120346974493,False,False,False,False
7.21,0.9751887327956519,0.0,-0.3552294573916138,1.0607,0.354136895158198,-0.4023299784943744,1.3324265245726108,1.4562935786629057,1.436018250472829,-16.392488168483787,1.0512000000000001,0.5000698689168942,2.3784120346974493,False,False,True,False
7.22,0.9491424762723173,0.6340719777157858,15.435894696200116,1.0607,0.354136895158198,-0.4023299784943744,1.3324265245726108,1.4562935786629057,1.436018250472829,-16.392488168483787,1.0512000000000001,0.5000698689168942,2.3784120346974493,True,False,False,False
7.23,0.9491424762723173,0.6340719777157858,15.435894696200116,1.0607,0.354136895158198,-0.4023299784943744,1.3324265245726108,1.4133262418353125,1.2314550018913974,5.862835685617433,0.9795999999999999,0.5712209806977099,0.5676397744297457,False,True,False,False
7.24,0.9491424762723173,0.6340719777157858,15.435894696200116,1.049,0.35004652926173646,-0.12237763978349861,1.333087813342655,1.4133262418353125,1.2314550018913974,5.862835685617433,0.9795999999999999,0.5712209806977099,0.5676397744297457,False,False,True,False
7.25,0.9359086746179796,0.4077338621465984,-6.973484749316819,1.049,0.35004652926173646,-0.12237763978349861,1.333087813342655,1.4133262418353125,1.2314550018913974,5.862835685617433,0.9795999999999999,0.5712209806977099,0.5676397744297457,True,False,False,False
7.26,0.9359086746179796,0.4077338621465984,-6.973484749316819,1.049,0.35004652926173646,-0.12237763978349861,1.333087813342655,1.4133262418353125,1.2314550018913974,5.862835685617433,0.9795999999999999,0.5712209806977099,0.5676397744297457,False,False,False,False
7.27,0.9359086746179796,0.4077338621465984,-6.973484749316819,1.0375,0.34322424015525277,-0.20361521692977003,1.3212638764778109,1.3817081873071724,0.8291299434116646,10.550293430404098,0.9795999999999999,0.5712209806977099,0.5676397744297457,False,True,False,False
7.28,0.9492057096024575,0.0,-14.215678460269917,1.0375,0.34322424015525277,-0.20361521692977003,1.3212638764778109,1.3817081873071724,0.8291299434116646,10.550293430404098,0.9795999999999999,0.5712209806977099,0.5676397744297457,True,False,False,False
7.29,0.9492057096024575,0.0,-14.215678460269917,1.0375,0.34322424015525277,-0.20361521692977003,1.3212638764778109,1.36589096291514,0.5873978740647688,8.977106229786378,0.9795999999999999,0.5712209806977099,0.5676397744297457,False,True,False,False
7.3,0.9492057096024575,0.0,-14.215678460269917,1.0375,0.34322424015525277,-0.20361521692977003,1.3212638764778109,1.36589096291514,0.5873978740647688,8.977106229786378,0.9795999999999999,0.5712209806977099,0.5676397744297457,False,False,False,False
7.31,0.9492057096024575,0.0,-14.215678460269917,1.0261,0.3412670130586704,-0.058590968870890436,1.3313036454210552,1.36589096291514,0.5873978740647688,8.977106229786378,0.9795999999999999,0.5712209806977099,0.5676397744297457,False,False,True,False
7.32,0.9680703488884617,0.0,0.0,1.0261,0.3412670130586704,-0.058590968870890436,1.3313036454210552,1.36589096291514,0.5873978740647688,8.977106229786378,0.9795999999999999,0.5712209806977099,0.5676397744297457,True,False,False,False
7.33,0.9680703488884617,0.0,0.0,1.0261,0.3412670130586704,-0.058590968870890436,1.3313036454210552,1.3686334009485412,0.0,18.583045382554488,0.9795999999999999,0.5712209806977099,0.5676397744297457,False,True,False,False
7.34,0.9680703488884617,0.0,0.0,1.0151,0.32977543611902915,-0.34451270881504836,1.2968845267457918,1.3686334009485412,0.0,18.583045382554488,0.9795999999999999,0.5712209806977099,0.5676397744297457,False,False,True,False
7.35,1.0403419459860697,0.0,0.0,1.0151,0.32977543611902915,-0.34451270881504836,1.2968845267457918,1.3686334009485412,0.0,18.583045382554488,0.9154,0.5374801483967603,-0.28247706467514977,True,False,False,False
7.36,1.0403419459860697,0.0,0.0,1.0151,0.32977543611902915,-0.34451270881504836,1.2968845267457918,1.3638022749609293,0.13488086088575973,-3.7657570264021554,0.9154,0.5374801483967603,-0.28247706467514977,False,True,False,False
7.37,1.0403419459860697,0.0,0.0,1.0041,0.3296539951666689,-0.003639408647491812,1.3150684625722626,1.3638022749609293,0.13488086088575973,-3.7657570264021554,0.9154,0.5374801483967603,-0.28247706467514977,False,False,True,False
7.38,1.0892252367828807,0.0,0.0,1.0041,0.3296539951666689,-0.003639408647491812,1.3150684625722626,1.3638022749609293,0.13488086088575973,-3.7657570264021554,0.9154,0.5374801483967603,-0.28247706467514977,True,False,False,False
7.39,1.0892252367828807,0.0,0.0,1.0041,0.3296539951666689,-0.003639408647491812,1.3150684625722626,1.3638022749609293,0.13488086088575973,-3.7657570264021554,0.9154,0.5374801483967603,-0.28247706467514977,False,False,False,False
7.4,1.0892252367828807,0.0,0.0,1.0041,0.3296539951666689,-0.003639408647491812,1.3150684625722626,1.3518522465421365,0.33079494955078087,-5.423199745225365,0.9154,0.5374801483967603,-0.28247706467514977,False,True,False,False
7.41,1.0892252367828807,0.0,0.0,0.9932,0.3298533102988738,0.006031629004629292,1.335271399723066,1.3518522465421365,0.33079494955078087,-5.423199745225365,0.9154,0.5374801483967603,-0.28247706467514977,False,False,True,False
7.42,1.0807580173081823,0.1960294922094556,4.538392081453128,0.9932,0.3298533102988738,0.006031629004629292,1.335271399723066,1.303945412658044,1.7173173337591658,-49.70269857129493,0.9154,0.5374801483967603,-0.28247706467514977,False,True,False,False
7.43,1.0807580173081823,0.1960294922094556,4.538392081453128,0.9932,0.3298533102988738,0.006031629004629292,1.335271399723066,1.303945412658044,1.7173173337591658,-49.70269857129493,0.9154,0.5374801483967603,-0.28247706467514977,False,False,False,False
7.44,0.9922926452472226,3.5,152.60348806424264,0.9825,0.3195748495668595,-0.30698481702919367,1.305112699258904,1.303945412658044,1.7173173337591658,-49.70269857129493,0.9154,0.5374801483967603,-0.28247706467514977,False,False,True,False
7.45,0.9922926452472226,3.5,152.60348806424264,0.9825,0.3195748495668595,-0.30698481702919367,1.305112699258904,1.303945412658044,1.7173173337591658,-49.70269857129493,0.9154,0.5374801483967603,-0.28247706467514977,False,False,False,False
7.46,0.9922926452472226,3.5,152.60348806424264,0.9825,0.3195748495668595,-0.30698481702919367,1.305112699258904,1.2728568288784086,0.8856912210308301,23.692425246658107,0.9154,0.5374801483967603,-0.28247706467514977,False,True,False,False
7.47,0.9922926452472226,3.5,152.60348806424264,0.9721,0.31281522149243474,-0.20331870704881216,1.2909308558935613,1.2728568288784086,0.8856912210308301,23.692425246658107,0.8645999999999999,0.42548640802096216,-0.9380278408135921,False,False,True,False
7.48,0.875154361847609,3.225127536737696,-7.567967744020235,0.9721,0.31281522149243474,-0.20331870704881216,1.2909308558935613,1.2728568288784086,0.8856912210308301,23.692425246658107,0.8645999999999999,0.42548640802096216,-0.9380278408135921,True,False,False,False
7.49,0.875154361847609,3.225127536737696,-7.567967744020235,0.9721,0.31281522149243474,-0.20331870704881216,1.2909308558935613,1.2305288597255724,1.3511446928919648,-14.857669783837768,0.8645999999999999,0.42548640802096216,-0.9380278408135921,False,True,False,False
7.5,0.875154361847609,3.225127536737696,-7.567967744020235,0.9721,0.31281522149243474,-0.20331870704881216,1.2909308558935613,1.2305288597255724,1.3511446928919648,-14.857669783837768,0.8645999999999999,0.42548640802096216,-0.9380278408135921,False,False,False,False
7.51,0.875154361847609,3.225127536737696,-7.567967744020235,0.9616,0.31412266795330596,0.0391141495709502,1.3168589113375293,1.2305288597255724,1.3511446928919648,-14.857669783837768,0.8645999999999999,0.42548640802096216,-0.9380278408135921,False,False,True,False
7.52,0.8694285214359583,0.15719993609835722,-84.22833821801456,0.9616,0.31412266795330596,0.0391141495709502,1.3168589113375293,1.2305288597255724,1.3511446928919648,-14.857669783837768,0.8645999999999999,0.42548640802096216,-0.9380278408135921,True,False,False,False
7.53,0.8694285214359583,0.15719993609835722,-84.22833821801456,0.9616,0.31412266795330596,0.0391141495709502,1.3168589113375293,1.1695912205874532,1.4997048498533831,-3.6561375045238695,0.8645999999999999,0.42548640802096216,-0.9380278408135921,False,True,False,False
7.54,0.8694285214359583,0.15719993609835722,-84.22833821801456,0.9514,0.3055104012513685,-0.2579546133130106,1.292929612356873,1.1695912205874532,1.4997048498533831,-3.6561375045238695,0.8645999999999999,0.42548640802096216,-0.9380278408135921,False,False,True,False
7.55,0.9129426956561838,0.0,-4.421817732890333,0.9514,0.3055104012513685,-0.2579546133130106,1.292929612356873,1.1695912205874532,1.4997048498533831,-3.6561375045238695,0.8645999999999999,0.42548640802096216,-0.9380278408135921,True,False,False,False
7.56,0.9129426956561838,0.0,-4.421817732890333,0.9514,0.3055104012513685,-0.2579546133130106,1.292929612356873,1.1430288558721098,0.9854240238694333,19.079049865137236,0.8645999999999999,0.42548640802096216,-0.9380278408135921,False,True,False,False
7.57,0.9129426956561838,0.0,-4.421817732890333,0.9415,0.2957605503464599,-0.2912748757001708,1.2619900766217929,1.1430288558721098,0.9854240238694333,19.079049865137236,0.8645999999999999,0.42548640802096216,-0.9380278408135921,False,False,True,False
7.58,0.9111359360677769,0.06944596609413342,2.669277217451983,0.9415,0.2957605503464599,-0.2912748757001708,1.2619900766217929,1.1430288558721098,0.9854240238694333,19.079049865137236,0.8645999999999999,0.42548640802096216,-0.9380278408135921,True,False,False,False
7.59,0.9111359360677769,0.06944596609413342,2.669277217451983,0.9415,0.2957605503464599,-0.2912748757001708,1.2619900766217929,1.1430288558721098,0.9854240238694333,19.079049865137236,0.8102,0.43705035231400197,0.09290488837155422,False,False,False,True
7.6,0.9111359360677769,0.06944596609413342,2.669277217451983,0.9415,0.2957605503464599,-0.2912748757001708,1.2619900766217929,1.0634340401979754,2.0142867703690936,-26.03718095515791,0.8102,0.43705035231400197,0.09290488837155422,False,True,False,False
7.61,0.9111359360677769,0.06944596609413342,2.669277217451983,0.9316,0.2986106821305549,0.08596765618288671,1.295919695954683,1.0634340401979754,2.0142867703690936,-26.03718095515791,0.8102,0.43705035231400197,0.09290488837155422,False,False,True,False
7.62,0.8866237481295742,0.5481054537282581,10.703078660805778,0.9316,0.2986106821305549,0.08596765618288671,1.295919695954683,1.0634340401979754,2.0142867703690936,-26.03718095515791,0.8102,0.43705035231400197,0.09290488837155422,True,False,False,False
7.63,0.8866237481295742,0.5481054537282581,10.703078660805778,0.9316,0.2986106821305549,0.08596765618288671,1.295919695954683,1.0105918681071349,1.7741912683173318,8.061276182406193,0.8102,0.43705035231400197,0.09290488837155422,False,True,False,False
7.64,0.8866237481295742,0.5481054537282581,10.703078660805778,0.9221,0.28554678783308673,-0.39266874244558286,1.2460075011065987,1.0105918681071349,1.7741912683173318,8.061276182406193,0.8102,0.43705035231400197,0.09290488837155422,False,False,True,False
7.65,0.8768724648666681,0.35149304917205765,-7.087056310362322,0.9221,0.28554678783308673,-0.39266874244558286,1.2460075011065987,1.0105918681071349,1.7741912683173318,8.061276182406193,0.8102,0.43705035231400197,0.09290488837155422,True,False,False,False
7.66,0.8768724648666681,0.35149304917205765,-7.087056310362322,0.9221,0.28554678783308673,-0.39266874244558286,1.2460075011065987,1.0651325417998896,0.0,55.94564524665016,0.8102,0.43705035231400197,0.09290488837155422,False,True,False,False
7.67,0.8768724648666681,0.35149304917205765,-7.087056310362322,0.9127,0.283417723473063,-0.06419303979208078,1.2532255839144948,1.0651325417998896,0.0,55.94564524665016,0.8102,0.43705035231400197,0.09290488837155422,False,False,True,False
7.68,0.851522253024031,0.8731759504290041,17.96911859968924,0.9127,0.283417723473063,-0.06419303979208078,1.2532255839144948,1.0651325417998896,0.0,55.94564524665016,0.8102,0.43705035231400197,0.09290488837155422,True,False,False,False
7.69,0.851522253024031,0.8731759504290041,17.96911859968924,0.9127,0.283417723473063,-0.06419303979208078,1.2532255839144948,1.0823192161371988,0.0,-0.0,0.7779999999999999,0.3332624581372675,-1.0741803955971736,False,False,False,True
7.7,0.851522253024031,0.8731759504290041,17.96911859968924,0.9127,0.283417723473063,-0.06419303979208078,1.2532255839144948,1.0823192161371988,0.0,-0.0,0.7779999999999999,0.3332624581372675,-1.0741803955971736,False,False,False,False
7.71,0.851522253024031,0.8731759504290041,17.96911859968924,0.9035,0.27570849891826343,-0.23103247063343543,1.2299629327531663,1.0823192161371988,0.0,-0.0,0.7779999999999999,0.3332624581372675,-1.0741803955971736,False,False,True,False
7.72,0.8279679824085242,0.566058640432517,-7.380674604097191,0.9035,0.27570849891826343,-0.23103247063343543,1.2299629327531663,1.0464667624181336,1.14196780231332,-36.37381340030402,0.7779999999999999,0.3332624581372675,-1.0741803955971736,True,False,False,False
7.73,0.8279679824085242,0.566058640432517,-7.380674604097191,0.9035,0.27570849891826343,-0.23103247063343543,1.2299629327531663,1.0464667624181336,1.14196780231332,-36.37381340030402,0.7779999999999999,0.3332624581372675,-1.0741803955971736,False,False,False,False
7.74,0.8279679824085242,0.566058640432517,-7.380674604097191,0.8946,0.26535809150167466,-0.3086027368910977,1.190898303450532,1.0464667624181336,1.14196780231332,-36.37381340030402,0.7779999999999999,0.3332624581372675,-1.0741803955971736,False,False,True,False
7.75,0.8369476900469242,0.0,-22.4285814984684,0.8946,0.26535809150167466,-0.3086027368910977,1.190898303450532,1.0464667624181336,1.14196780231332,-36.37381340030402,0.7779999999999999,0.3332624581372675,-1.0741803955971736,True,False,False,False
7.76,0.8369476900469242,0.0,-22.4285814984684,0.8946,0.26535809150167466,-0.3086027368910977,1.190898303450532,0.9016363562974281,3.5,-61.875278085604414,0.7779999999999999,0.3332624581372675,-1.0741803955971736,False,True,False,False
7.77,0.8369476900469242,0.0,-22.4285814984684,0.8858,0.26361398476981984,-0.05224669607365018,1.1988708764863225,0.9016363562974281,3.5,-61.875278085604414,0.7779999999999999,0.3332624581372675,-1.0741803955971736,False,False,True,False
7.78,0.8369476900469242,0.0,-22.4285814984684,0.8858,0.26361398476981984,-0.05224669607365018,1.1988708764863225,0.9016363562974281,3.5,-61.875278085604414,0.7779999999999999,0.3332624581372675,-1.0741803955971736,False,False,False,False
7.79,0.8476079373028729,0.0,0.0,0.8858,0.26361398476981984,-0.05224669607365018,1.1988708764863225,0.9016363562974281,3.5,-61.875278085604414,0.7587999999999999,0.1902370353460421,-1.417121479735259,False,False,False,True
7.8,0.8476079373028729,0.0,0.0,0.8858,0.26361398476981984,-0.05224669607365018,1.1988708764863225,0.7464526183227556,3.5,-0.0,0.7587999999999999,0.1902370353460421,-1.417121479735259,False,True,False,False
7.81,0.8476079373028729,0.0,0.0,0.8772,0.2604106106059584,-0.09699914209424527,1.1984627351637906,0.7464526183227556,3.5,-0.0,0.7587999999999999,0.1902370353460421,-1.417121479735259,False,False,True,False
7.82,0.8635099597132634,0.0,0.0,0.8772,0.2604106106059584,-0.09699914209424527,1.1984627351637906,0.7464526183227556,3.5,-0.0,0.7587999999999999,0.1902370353460421,-1.417121479735259,True,False,False,False
7.83,0.8635099597132634,0.0,0.0,0.8772,0.2604106106059584,-0.09699914209424527,1.1984627351637906,0.7464526183227556,3.5,-0.0,0.7587999999999999,0.1902370353460421,-1.417121479735259,False,False,False,False
7.84,0.8951652240346306,0.0,0.0,0.8689,0.24788313773461643,-0.3741384678594625,1.1436247622223037,0.7464526183227556,3.5,-0.0,0.7587999999999999,0.1902370353460421,-1.417121479735259,False,False,True,False
7.85,0.8951652240346306,0.0,0.0,0.8689,0.24788313773461643,-0.3741384678594625,1.1436247622223037,0.7464526183227556,3.5,-0.0,0.7587999999999999,0.1902370353460421,-1.417121479735259,False,False,False,False
7.86,0.8951652240346306,0.0,0.0,0.8689,0.24788313773461643,-0.3741384678594625,1.1436247622223037,0.7464526183227556,3.5,-0.0,0.7587999999999999,0.1902370353460421,-1.417121479735259,False,False,False,False
7.87,0.8951652240346306,0.0,0.0,0.8607,0.24536558274924447,-0.07533187147427521,1.1457558279013387,0.7464526183227556,3.5,-0.0,0.7587999999999999,0.1902370353460421,-1.417121479735259,False,False,True,False
7.88,0.9330375261658144,0.0,0.0,0.8607,0.24536558274924447,-0.07533187147427521,1.1457558279013387,0.7464526183227556,3.5,-0.0,0.7587999999999999,0.1902370353460421,-1.417121479735259,True,False,False,False
7.89,0.9330375261658144,0.0,0.0,0.8607,0.24536558274924447,-0.07533187147427521,1.1457558279013387,0.7464526183227556,3.5,-0.0,0.7587999999999999,0.1902370353460421,-1.417121479735259,False,False,False,False
7.9,0.9330375261658144,0.0,0.0,0.8607,0.24536558274924447,-0.07533187147427521,1.1457558279013387,0.7464526183227556,3.5,-0.0,0.7587999999999999,0.1902370353460421,-1.417121479735259,False,False,False,False
7.91,0.9330375261658144,0.0,0.0,0.8529,0.23306624340243506,-0.3675077971657202,1.0890122786440193,0.7464526183227556,3.5,-0.0,0.866,0.0,-1.5890375693798289,False,False,False,True
7.92,0.9836000230497921,0.0,0.0,0.8529,0.23306624340243506,-0.3675077971657202,1.0890122786440193,0.7464526183227556,3.5,-0.0,0.866,0.0,-1.5890375693798289,True,False,False,False
7.93,0.9836000230497921,0.0,0.0,0.8529,0.23306624340243506,-0.3675077971657202,1.0890122786440193,0.7464526183227556,3.5,-0.0,0.866,0.0,-1.5890375693798289,False,False,False,False
7.94,0.9836000230497921,0.0,0.0,0.8453,0.23062372307286028,-0.07411883316943312,1.089782422861007,0.7464526183227556,3.5,-0.0,0.866,0.0,-1.5890375693798289,False,False,True,False
7.95,0.9836000230497921,0.0,0.0,0.8453,0.23062372307286028,-0.07411883316943312,1.089782422861007,0.7464526183227556,3.5,-0.0,0.866,0.0,-1.5890375693798289,False,False,False,False
7.96,0.9836000230497921,0.0,0.0,0.8453,0.23062372307286028,-0.07411883316943312,1.089782422861007,0.7464526183227556,3.5,-0.0,0.866,0.0,-1.5890375693798289,False,False,False,False
7.97,1.04328605116119,0.0,0.0,0.8382,0.21241814421935326,-0.5446753907747892,0.9932199645006855,0.7464526183227556,3.5,-0.0,0.866,0.0,-1.5890375693798289,False,False,True,False
7.98,1.04328605116119,0.0,0.0,0.8382,0.21241814421935326,-0.5446753907747892,0.9932199645006855,0.7464526183227556,3.5,-0.0,0.866,0.0,-1.5890375693798289,False,False,False,False
7.99,1.0951486579709497,0.0,0.0,0.8382,0.21241814421935326,-0.5446753907747892,0.9932199645006855,0.7464526183227556,3.5,-0.0,0.866,0.0,-1.5890375693798289,True,False,False,False
8.0,1.0951486579709497,0.0,0.0,0.8382,0.21241814421935326,-0.5446753907747892,0.9932199645006855,0.7464526183227556,3.5,-0.0,1.1358000000000001,0.0,0.0,False,False,False,True
8.01,1.0951486579709497,0.0,0.0,0.8311,0.21351215587855313,0.03289926590310376,1.0137155796386386,0.7464526183227556,3.5,-0.0,1.1358000000000001,0.0,0.0,False,False,True,False
8.02,1.1448761569745367,0.0,0.0,0.8311,0.21351215587855313,0.03289926590310376,1.0137155796386386,0.7464526183227556,3.5,-0.0,1.1358000000000001,0.0,0.0,True,False,False,False
8.03,1.1448761569745367,0.0,0.0,0.8311,0.21351215587855313,0.03289926590310376,1.0137155796386386,0.7464526183227556,3.5,-0.0,1.1358000000000001,0.0,0.0,False,False,False,False
8.04,1.1448761569745367,0.0,0.0,0.8245,0.19634180704906828,-0.5107965631581727,0.919118665577534,0.7464526183227556,3.5,-0.0,1.1358000000000001,0.0,0.0,False,False,True,False
8.05,1.21081840570068,0.0,0.0,0.8245,0.19634180704906828,-0.5107965631581727,0.919118665577534,0.7464526183227556,3.5,-0.0,1.1358000000000001,0.0,0.0,True,False,False,False
8.06,1.21081840570068,0.0,0.0,0.8245,0.19634180704906828,-0.5107965631581727,0.919118665577534,0.7464526183227556,3.5,-0.0,1.1358000000000001,0.0,0.0,False,False,False,False
8.07,1.21081840570068,0.0,0.0,0.8181,0.19331889885555803,-0.0913102005173203,0.9117361454410529,0.7464526183227556,3.5,-0.0,1.1358000000000001,0.0,0.0,False,False,True,False
8.08,1.297686386479243,0.0,0.0,0.8181,0.19331889885555803,-0.0913102005173203,0.9117361454410529,0.7464526183227556,3.5,-0.0,1.1358000000000001,0.0,0.0,True,False,False,False
8.09,1.297686386479243,0.0,0.0,0.8181,0.19331889885555803,-0.0913102005173203,0.9117361454410529,0.7464526183227556,3.5,-0.0,1.1358000000000001,0.0,0.0,False,False,False,False
8.1,1.297686386479243,0.0,0.0,0.8181,0.19331889885555803,-0.0913102005173203,0.9117361454410529,0.7464526183227556,3.5,-0.0,1.1358000000000001,0.0,0.0,False,False,False,False
8.11,1.297686386479243,0.0,0.0,0.812,0.1810193872357247,-0.3649918125771981,0.8439060043052499,0.7464526183227556,3.5,-0.0,1.1358000000000001,0.0,0.0,False,False,True,False
8.12,1.3889264815475402,0.0,0.0,0.812,0.1810193872357247,-0.3649918125771981,0.8439060043052499,0.7464526183227556,3.5,-0.0,1.1358000000000001,0.0,0.0,True,False,False,False
8.13,1.3889264815475402,0.0,0.0,0.812,0.1810193872357247,-0.3649918125771981,0.8439060043052499,0.7464526183227556,3.5,-0.0,1.4624,0.0,0.0,False,False,False,False
8.14,1.3889264815475402,0.0,0.0,0.8062,0.17490176551872488,-0.18447979984119914,0.814215907278847,0.7464526183227556,3.5,-0.0,1.4624,0.0,0.0,False,False,True,False
8.15,1.517855107494982,0.0,0.0,0.8062,0.17490176551872488,-0.18447979984119914,0.814215907278847,0.7464526183227556,3.5,-0.0,1.4624,0.0,0.0,True,False,False,False
8.16,1.517855107494982,0.0,0.0,0.8062,0.17490176551872488,-0.18447979984119914,0.814215907278847,0.7464526183227556,3.5,-0.0,1.4624,0.0,0.0,False,False,False,False
8.17,1.517855107494982,0.0,0.0,0.8007,0.1641921222172198,-0.31971619306609705,0.7530585623588305,0.7464526183227556,3.5,-0.0,1.4624,0.0,0.0,False,False,True,False
8.18,1.6411581832244937,0.0,0.0,0.8007,0.1641921222172198,-0.31971619306609705,0.7530585623588305,0.7464526183227556,3.5,-0.0,1.4624,0.0,0.0,True,False,False,False
8.19,1.6411581832244937,0.0,0.0,0.8007,0.1641921222172198,-0.31971619306609705,0.7530585623588305,0.7464526183227556,3.5,-0.0,1.4624,0.0,0.0,False,False,False,False
8.2,1.6411581832244937,0.0,0.0,0.7957,0.15025772204485247,-0.4187502455922625,0.6682575813612041,0.7464526183227556,3.5,-0.0,1.4624,0.0,0.0,False,False,True,False
8.21,1.6411581832244937,0.0,0.0,0.7957,0.15025772204485247,-0.4187502455922625,0.6682575813612041,0.7464526183227556,3.5,-0.0,1.4624,0.0,0.0,False,False,False,False
8.22,1.76801756142217,0.0,0.0,0.7957,0.15025772204485247,-0.4187502455922625,0.6682575813612041,0.7464526183227556,3.5,-0.0,1.4624,0.0,0.0,True,False,False,False
8.23,1.76801756142217,0.0,0.0,0.7957,0.15025772204485247,-0.4187502455922625,0.6682575813612041,0.7464526183227556,3.5,-0.0,1.7878,0.0,0.0,False,False,False,True
8.24,1.76801756142217,0.0,0.0,0.7907,0.1498427250757561,-0.012436855349515559,0.6727331206814958,0.7464526183227556,3.5,-0.0,1.7878,0.0,0.0,False,False,False,False
8.25,1.76801756142217,0.0,0.0,0.7907,0.1498427250757561,-0.012436855349515559,0.6727331206814958,0.7464526183227556,3.5,-0.0,1.7878,0.0,0.0,False,False,False,False
8.26,1.76801756142217,0.0,0.0,0.7907,0.1498427250757561,-0.012436855349515559,0.6727331206814958,0.7464526183227556,3.5,-0.0,1.7878,0.0,0.0,False,False,False,False
8.27,1.76801756142217,0.0,0.0,0.7861,0.138443728763937,-0.3430694681683962,0.6019747871143206,0.7464526183227556,3.5,-0.0,1.7878,0.0,0.0,False,False,True,False
8.28,1.76801756142217,0.0,0.0,0.7861,0.138443728763937,-0.3430694681683962,0.6019747871143206,0.7464526183227556,3.5,-0.0,1.7878,0.0,0.0,False,False,False,False
8.29,1.76801756142217,0.0,0.0,0.7861,0.138443728763937,-0.3430694681683962,0.6019747871143206,0.7464526183227556,3.5,-0.0,1.7878,0.0,0.0,False,False,False,False
8.3,1.76801756142217,0.0,0.0,0.7861,0.138443728763937,-0.3430694681683962,0.6019747871143206,0.7464526183227556,3.5,-0.0,1.7878,0.0,0.0,False,False,False,False
8.31,1.76801756142217,0.0,0.0,0.782,0.12294838135157453,-0.464665337275678,0.5010548853712369,0.7464526183227556,3.5,-0.0,1.7878,0.0,0.0,False,False,True,False
8.32,1.76801756142217,0.0,0.0,0.782,0.12294838135157453,-0.464665337275678,0.5010548853712369,0.7464526183227556,3.5,-0.0,1.7878,0.0,0.0,False,False,False,False
8.33,1.76801756142217,0.0,0.0,0.782,0.12294838135157453,-0.464665337275678,0.5010548853712369,0.7464526183227556,3.5,-0.0,2.08,0.0,0.0,False,False,False,True
8.34,1.76801756142217,0.0,0.0,0.7781,0.11731022454259851,-0.1695931900685525,0.4664024374376099,0.7464526183227556,3.5,-0.0,2.08,0.0,0.0,False,False,True,False
8.35,1.76801756142217,0.0,0.0,0.7781,0.11731022454259851,-0.1695931900685525,0.4664024374376099,0.7464526183227556,3.5,-0.0,2.08,0.0,0.0,False,False,False,False
8.36,1.76801756142217,0.0,0.0,0.7781,0.11731022454259851,-0.1695931900685525,0.4664024374376099,0.7464526183227556,3.5,-0.0,2.08,0.0,0.0,False,False,False,False
8.37,1.76801756142217,0.0,0.0,0.7747,0.10187116964401774,-0.4625866413872483,0.36221286800485736,0.7464526183227556,3.5,-0.0,2.08,0.0,0.0,False,False,True,False
8.38,1.76801756142217,0.0,0.0,0.7747,0.10187116964401774,-0.4625866413872483,0.36221286800485736,0.7464526183227556,3.5,-0.0,2.08,0.0,0.0,False,False,False,False
8.39,1.76801756142217,0.0,0.0,0.7747,0.10187116964401774,-0.4625866413872483,0.36221286800485736,0.7464526183227556,3.5,-0.0,2.08,0.0,0.0,False,False,False,False
8.4,1.76801756142217,0.0,0.0,0.7747,0.10187116964401774,-0.4625866413872483,0.36221286800485736,0.7464526183227556,3.5,-0.0,2.08,0.0,0.0,False,False,False,False
8.41,1.76801756142217,0.0,0.0,0.7714,0.09955534359988488,-0.06986450228521307,0.34867490035808696,0.7464526183227556,3.5,-0.0,2.08,0.0,0.0,False,False,True,False
8.42,1.76801756142217,0.0,0.0,0.7714,0.09955534359988488,-0.06986450228521307,0.34867490035808696,0.7464526183227556,3.5,-0.0,2.08,0.0,0.0,False,False,False,False
8.43,1.76801756142217,0.0,0.0,0.7714,0.09955534359988488,-0.06986450228521307,0.34867490035808696,0.7464526183227556,3.5,-0.0,2.2642,0.0,0.0,False,False,False,True
8.44,1.76801756142217,0.0,0.0,0.7686,0.0840932156476824,-0.4643785929487891,0.24144469473574506,0.7464526183227556,3.5,-0.0,2.2642,0.0,0.0,False,False,True,False
8.45,1.76801756142217,0.0,0.0,0.7686,0.0840932156476824,-0.4643785929487891,0.24144469473574506,0.7464526183227556,3.5,-0.0,2.2642,0.0,0.0,False,False,False,False
8.46,1.76801756142217,0.0,0.0,0.7686,0.0840932156476824,-0.4643785929487891,0.24144469473574506,0.7464526183227556,3.5,-0.0,2.2642,0.0,0.0,False,False,False,False
8.47,1.76801756142217,0.0,0.0,0.7661,0.07444560063424961,-0.28728899774520955,0.17413590077536054,0.7464526183227556,3.5,-0.0,2.2642,0.0,0.0,False,False,True,False
8.48,1.76801756142217,0.0,0.0,0.7661,0.07444560063424961,-0.28728899774520955,0.17413590077536054,0.7464526183227556,3.5,-0.0,2.2642,0.0,0.0,False,False,False,False
8.49,1.76801756142217,0.0,0.0,0.7661,0.07444560063424961,-0.28728899774520955,0.17413590077536054,0.7464526183227556,3.5,-0.0,2.2642,0.0,0.0,False,False,False,False
8.5,1.76801756142217,0.0,0.0,0.7661,0.07444560063424961,-0.28728899774520955,0.17413590077536054,0.7464526183227556,3.5,-0.0,2.2642,0.0,0.0,False,False,False,False
