,distance_tracker,speed_tracker,acceleration_tracker,distance_wheelchair_FT,speed_wheelchair_FT,acceleration_wheelchair_FT,danger_wheelchair_FT,distance_wheelchair_v5,speed_wheelchair_v5,acceleration_wheelchair_v5,danger_wheelchair_v5,distance_drone_FT,speed_drone_FT,acceleration_drone_FT,danger_drone_FT,distance_drone_v5,speed_drone_v5,acceleration_drone_v5,danger_drone_v5,tracker_data,wheelchair_data_FT,wheelchair_data_v5,drone_data_FT,drone_data_v5
2.01,2.5679,-0.0,0.0,,0.0,0.0,,,0.0,0.0,,,,,,,,,,False,False,False,False,False
2.02,2.5679,-0.0,0.0,,0.0,0.0,,,0.0,0.0,,,0.0,0.0,,,0.0,0.0,,False,False,False,False,False
2.03,2.5679,-0.0,0.0,,0.0,0.0,,,0.0,0.0,,,0.0,0.0,,,0.0,0.0,,False,False,False,False,False
2.04,2.5679,-0.0,0.0,,0.0,0.0,,,0.0,0.0,,,0.0,0.0,,,0.0,0.0,,True,False,False,False,False
2.05,2.5679,-0.0,0.0,,,,,,,,,,0.0,0.0,,,0.0,0.0,,False,False,False,False,False
2.06,2.5679,-0.0,0.0,,,,,,,,,,,,,,,,,False,False,False,False,False
2.07,2.5678,0.0030090666789847997,0.09054482278597714,,,,,,,,,,,,,,,,,False,False,False,False,False
2.08,2.5678,0.0030090666789847997,0.09054482278597714,,,,,,,,,,,,,,,,,False,False,False,False,False
2.09,2.5678,0.0030090666789847997,0.09054482278597714,,,,,,,,,,,,,,,,,False,False,False,False,False
2.1,2.5678,0.0030090666789847997,0.09054482278597714,,,,,,,,,,,,,,,,,False,False,False,False,False
2.11,2.5678,-0.0,-0.09076856979971887,,,,,,,,,,,,,,,,,False,False,False,False,False
2.12,2.5678,-0.0,-0.09076856979971887,,,,,,,,,,,,,,,,,False,False,False,False,False
2.13,2.5678,-0.0,-0.09076856979971887,,,,,,,,,,,,,,,,,False,False,False,False,False
2.14,2.5679,-0.0029516998012610674,-0.0871253171678493,,,,,,,,,,,,,,,,,True,False,False,False,False
2.15,2.5679,-0.0029516998012610674,-0.0871253171678493,,,,,,,,,,,,,,,,,False,False,False,False,False
2.16,2.5679,-0.0029516998012610674,-0.0871253171678493,,,,,,,,,,,,,,,,,False,False,False,False,False
2.17,2.5679,-0.0,0.08927179594351127,,,,,,,,,,,,,,,,,True,False,False,False,False
2.18,2.5679,-0.0,0.08927179594351127,,,,,,,,,,,,,,,,,False,False,False,False,False
2.19,2.5679,-0.0,0.08927179594351127,,,,,,,,,,,,,,,,,False,False,False,False,False
2.2,2.5679,-0.0,0.08927179594351127,,,,,,,,,,,,,,,,,False,False,False,False,False
2.21,2.5679,-0.0,0.0,,,,,,,,,,,,,,,,,False,False,False,False,False
2.22,2.5679,-0.0,0.0,,,,,,,,,,,,,,,,,False,False,False,False,False
2.23,2.5679,-0.0,0.0,,,,,,,,,,,,,,,,,False,False,False,False,False
2.24,2.5675,0.012047496048419891,0.3628554025917722,,,,,,,,,,,,,,,,,True,False,False,False,False
2.25,2.5675,0.012047496048419891,0.3628554025917722,,,,,,,,,,,,,,,,,False,False,False,False,False
2.26,2.5675,0.012047496048419891,0.3628554025917722,,,,,,,,,,,,,,,,,False,False,False,False,False
2.27,2.5659,0.04777556948478291,1.06683065938536,,,,,,,,,,,,,,,,,True,False,False,False,False
2.28,2.5659,0.04777556948478291,1.06683065938536,,,,,,,,,,,,,,,,,False,False,False,False,False
2.29,2.5659,0.04777556948478291,1.06683065938536,,,,,,,,,,,,,,,,,False,False,False,False,False
2.3,2.5621,0.11465631106957296,2.0179734504498312,,,,,,,,,,,,,,,,,True,False,False,False,False
2.31,2.5621,0.11465631106957296,2.0179734504498312,,,,,,,,,,,,,,,,,False,False,False,False,False
2.32,2.5621,0.11465631106957296,2.0179734504498312,,,,,,,,,,,,,,,,,False,False,False,False,False
2.33,2.5621,0.11465631106957296,2.0179734504498312,,,,,,,,,,,,,,,,,False,False,False,False,False
2.34,2.5555,0.19906610249322854,2.545928513783796,,,,,,,,,,,,,,,,,True,False,False,False,False
2.35,2.5555,0.19906610249322854,2.545928513783796,,,,,,,,,,,,,,,,,False,False,False,False,False
2.36,2.5555,0.19906610249322854,2.545928513783796,,,,,,,,,,,,,,,,,False,False,False,False,False
2.37,2.5463,0.27322871762120887,2.2025387203101747,,,,,,,,,,,,,,,,,True,False,False,False,False
2.38,2.5463,0.27322871762120887,2.2025387203101747,,,,,,,,,,,,,,,,,False,False,False,False,False
2.39,2.5463,0.27322871762120887,2.2025387203101747,,,,,,,,,,,,,,,,,False,False,False,False,False
2.4,2.5463,0.27322871762120887,2.2025387203101747,,,,,,,,,,,,,,,,,False,False,False,False,False
2.41,2.5341,0.3675024676886995,2.8398226055795517,,,,,,,,,,,,,,,,,True,False,False,False,False
2.42,2.5341,0.3675024676886995,2.8398226055795517,,,,,,,,,,,,,,,,,False,False,False,False,False
2.43,2.5341,0.3675024676886995,2.8398226055795517,,,,,,,,,,,,,,,,,False,False,False,False,False
2.44,2.5191,0.44988713231624927,2.470920034408267,,,,,,,,,,,,,,,,,True,False,False,False,False
2.45,2.5191,0.44988713231624927,2.470920034408267,,,,,,,,,,,,,,,,,False,False,False,False,False
2.46,2.5191,0.44988713231624927,2.470920034408267,,,,,,,,,,,,,,,,,False,False,False,False,False
2.47,2.5015,0.5288624265361951,2.3731287350892543,,,,,,,,,,,,,,,,,True,False,False,False,False
2.48,2.5015,0.5288624265361951,2.3731287350892543,,,,,,,,,,,,,,,,,False,False,False,False,False
2.49,2.5015,0.5288624265361951,2.3731287350892543,,,,,,,,,,,,,,,,,False,False,False,False,False
2.5,2.5015,0.5288624265361951,2.3731287350892543,,,,,,,,,,,,,,,,,False,False,False,False,False
2.51,2.4812,0.6104925321425858,2.4549049197394903,,,,,,,,,,,,,,,,,True,False,False,False,False
2.52,2.4812,0.6104925321425858,2.4549049197394903,,,,,,,,,,,,,,,,,False,False,False,False,False
2.53,2.4812,0.6104925321425858,2.4549049197394903,,,,,,,,,,,,,,,,,False,False,False,False,False
2.54,2.4589,0.6625949858139316,1.5481087242706917,,,,,,,,,,,,,,,,,False,False,False,False,False
2.55,2.4589,0.6625949858139316,1.5481087242706917,,,,,,,,,,,,,,,,,False,False,False,False,False
2.56,2.4589,0.6625949858139316,1.5481087242706917,,,,,,,,,,,,,,,,,False,False,False,False,False
2.57,2.4347,0.7298019763761237,2.0267683693627783,,,,,,,,,,,,,,,,,True,False,False,False,False
2.58,2.4347,0.7298019763761237,2.0267683693627783,,,,,,,,,,,,,,,,,False,False,False,False,False
2.59,2.4347,0.7298019763761237,2.0267683693627783,,,,,,,,,,,,,,,,,False,False,False,False,False
2.6,2.4347,0.7298019763761237,2.0267683693627783,,,,,,,,,,,,,,,,,False,False,False,False,False
2.61,2.4091,0.7718550764908432,1.2679257345985984,,,,,,,,,,,,,,,,,False,False,False,False,False
2.62,2.4091,0.7718550764908432,1.2679257345985984,,,,,,,,,,,,,,,,,False,False,False,False,False
2.63,2.4091,0.7718550764908432,1.2679257345985984,,,,,,,,,,,,,,,,,False,False,False,False,False
2.64,2.382,0.8034074436677945,0.9354024596052462,,,,,,,,,,,,,,,,,True,False,False,False,False
2.65,2.382,0.8034074436677945,0.9354024596052462,,,,,,,,,,,,,,,,,False,False,False,False,False
2.66,2.382,0.8034074436677945,0.9354024596052462,,,,,,,,,,,,,,,,,False,False,False,False,False
2.67,2.354,0.8448163996724906,1.2493916116458523,,,,,,,,,,,,,,,,,True,False,False,False,False
2.68,2.354,0.8448163996724906,1.2493916116458523,,,,,,,,,,,,,,,,,False,False,False,False,False
2.69,2.354,0.8448163996724906,1.2493916116458523,,,,,,,,,,,,,,,,,False,False,False,False,False
2.7,2.354,0.8448163996724906,1.2493916116458523,,,,,,,,,,,,,,,,,False,False,False,False,False
2.71,2.3255,0.8558435193727032,0.33113996255347333,,,,,,,,,,,,,,,,,True,False,False,False,False
2.72,2.3255,0.8558435193727032,0.33113996255347333,,,,,,,,,,,,,,,,,False,False,False,False,False
2.73,2.3255,0.8558435193727032,0.33113996255347333,,,,,,,,,,,,,,,,,False,False,False,False,False
2.74,2.2973,0.8488052674567305,-0.2118477056725207,,,,,,,,,,,,,,,,,False,False,False,False,False
2.75,2.2973,0.8488052674567305,-0.2118477056725207,,,,,,,,,,,,,,,,,False,False,False,False,False
2.76,2.2973,0.8488052674567305,-0.2118477056725207,,,,,,,,,,,,,,,,,False,False,False,False,False
2.77,2.2694,0.8411300156673254,-0.23139371533595032,,,,,,,,,,,,,,,,,True,False,False,False,False
2.78,2.2694,0.8411300156673254,-0.23139371533595032,,,,,,,,,,,,,,,,,False,False,False,False,False
2.79,2.2694,0.8411300156673254,-0.23139371533595032,,,,,,,,,,,,,,,,,False,False,False,False,False
2.8,2.2694,0.8411300156673254,-0.23139371533595032,,,,,,,,,,,,,,,,,False,False,False,False,False
2.81,2.2424,0.801775451559944,-1.1686490151163074,,,,,,,,,,,,,,,,,False,False,False,False,False
2.82,2.2424,0.801775451559944,-1.1686490151163074,,,,,,,,,,,,,,,,,False,False,False,False,False
2.83,2.2424,0.801775451559944,-1.1686490151163074,,,,,,,,,,,,,,,,,False,False,False,False,False
2.84,2.2163,0.7843332410164109,-0.5241572998505724,,,,,,,,,,,,,,,,,False,False,False,False,False
2.85,2.2163,0.7843332410164109,-0.5241572998505724,,,,,,,,,,,,,,,,,False,False,False,False,False
2.86,2.2163,0.7843332410164109,-0.5241572998505724,,,,,,,,,,,,,,,,,False,False,False,False,False
2.87,2.1913,0.7508380554039087,-1.0059784012273687,,,,,,,,,,,,,,,,,False,False,False,False,False
2.88,2.1913,0.7508380554039087,-1.0059784012273687,,,,,,,,,,,,,,,,,False,False,False,False,False
2.89,2.1913,0.7508380554039087,-1.0059784012273687,,,,,,,,,,,,,,,,,False,False,False,False,False
2.9,2.1913,0.7508380554039087,-1.0059784012273687,,,,,,,,,,,,,,,,,False,False,False,False,False
2.91,2.1669,0.7361857756356839,-0.44208196500006675,,,,,,,,,,,,,,,,,False,False,False,False,False
2.92,2.1669,0.7361857756356839,-0.44208196500006675,,,,,,,,,,,,,,,,,False,False,False,False,False
2.93,2.1669,0.7361857756356839,-0.44208196500006675,,,,,,,,,,,,,,,,,False,False,False,False,False
2.94,2.1431,0.7087599393158502,-0.8167367262912477,,,,,,,,,,,,,,,,,True,False,False,False,False
2.95,2.1431,0.7087599393158502,-0.8167367262912477,,,,,,,,,,,,,,,,,False,False,False,False,False
2.96,2.1431,0.7087599393158502,-0.8167367262912477,,,,,,,,,,,,,,,,,False,False,False,False,False
2.97,2.1195,0.7102108579925009,0.04366348297548462,,,,,,,,,,,,,,,,,True,False,False,False,False
2.98,2.1195,0.7102108579925009,0.04366348297548462,,,,,,,,,,,,,,,,,False,False,False,False,False
2.99,2.1195,0.7102108579925009,0.04366348297548462,,,,,,,,,,,,,,,,,False,False,False,False,False
3.0,2.1195,0.7102108579925009,0.04366348297548462,,,,,,,,,,,,,,,,,False,False,False,False,False
3.01,2.0958,0.7034598112519302,-0.20038354708332728,,,,,,,,,,,,,,,,,False,False,False,False,False
3.02,2.0958,0.7034598112519302,-0.20038354708332728,,,,,,,,,,,,,,,,,False,False,False,False,False
3.03,2.0958,0.7034598112519302,-0.20038354708332728,,,,,,,,,,,,,,,,,False,False,False,False,False
3.04,2.0717,0.7314165566001221,0.8484658264033502,,,,,,,,,,,,,,,,,True,False,False,False,False
3.05,2.0717,0.7314165566001221,0.8484658264033502,,,,,,,,,,,,,,,,,False,False,False,False,False
3.06,2.0717,0.7314165566001221,0.8484658264033502,,,,,,,,,,,,,,,,,False,False,False,False,False
3.07,2.0469,0.7428722604788028,0.3431501869246533,,,,,,,,,,,,,,,,,False,False,False,False,False
3.08,2.0469,0.7428722604788028,0.3431501869246533,,,,,,,,,,,,,,,,,False,False,False,False,False
3.09,2.0469,0.7428722604788028,0.3431501869246533,,,,,,,,,,,,,,,,,False,False,False,False,False
3.1,2.0469,0.7428722604788028,0.3431501869246533,,,,,,,,,,,,,,,,,False,False,False,False,False
3.11,2.0215,0.763156579058695,0.6094531959042263,,,,,,,,,,,,,,,,,False,False,False,False,False
3.12,2.0215,0.763156579058695,0.6094531959042263,,,,,,,,,,,,,,,,,False,False,False,False,False
3.13,2.0215,0.763156579058695,0.6094531959042263,,,,,,,,,,,,,,,,,False,False,False,False,False
3.14,1.9958,0.7604428629863039,-0.08029673227319264,,,,,,,,,,,,,,,,,True,False,False,False,False
3.15,1.9958,0.7604428629863039,-0.08029673227319264,,,,,,,,,,,,,,,,,False,False,False,False,False
3.16,1.9958,0.7604428629863039,-0.08029673227319264,,,,,,,,,,,,,,,,,False,False,False,False,False
3.17,1.9696,0.7880112568911931,0.8291681195214975,,,,,,,,,,,,,,,,,False,False,False,False,False
3.18,1.9696,0.7880112568911931,0.8291681195214975,,,,,,,,,,,,,,,,,False,False,False,False,False
3.19,1.9696,0.7880112568911931,0.8291681195214975,,,,,,,,,,,,,,,,,False,False,False,False,False
3.2,1.9696,0.7880112568911931,0.8291681195214975,,,,,,,,,,,,,,,,,False,False,False,False,False
3.21,1.9434,0.7933993053940473,0.1631631274654194,,,,,,,,,,,,,,,,,True,False,False,False,False
3.22,1.9434,0.7933993053940473,0.1631631274654194,,,,,,,,,,,,,,,,,False,False,False,False,False
3.23,1.9434,0.7933993053940473,0.1631631274654194,,,,,,,,,,,,,,,,,False,False,False,False,False
3.24,1.9171,0.7886749397368435,-0.14167257794638863,,,,,,,,,,,,,,,,,True,False,False,False,False
3.25,1.9171,0.7886749397368435,-0.14167257794638863,,,,,,,,,,,,,,,,,False,False,False,False,False
3.26,1.9171,0.7886749397368435,-0.14167257794638863,,,,,,,,,,,,,,,,,False,False,False,False,False
3.27,1.8911,0.7786385660400442,-0.3005656778276092,,,,,,,,,,,,,,,,,True,False,False,False,False
3.28,1.8911,0.7786385660400442,-0.3005656778276092,,,,,,,,,,,,,,,,,False,False,False,False,False
3.29,1.8911,0.7786385660400442,-0.3005656778276092,,,,,,,,,,,,,,,,,False,False,False,False,False
3.3,1.8911,0.7786385660400442,-0.3005656778276092,,,,,,,,,,,,,,,,,False,False,False,False,False
3.31,1.8653,0.7783297550276547,-0.009316155024147402,,,,,,,,,,,,,,,,,True,False,False,False,False
3.32,1.8653,0.7783297550276547,-0.009316155024147402,,,,,,,,,,,,,,,,,False,False,False,False,False
3.33,1.8653,0.7783297550276547,-0.009316155024147402,,,,,,,,,,,,,,,,,False,False,False,False,False
3.34,1.84,0.75660211604565,-0.6497698668166316,,,,,,,,,,,,,,,,,True,False,False,False,False
3.35,1.84,0.75660211604565,-0.6497698668166316,,,,,,,,,,,,,,,,,False,False,False,False,False
3.36,1.84,0.75660211604565,-0.6497698668166316,,,,,,,,,,,,,,,,,False,False,False,False,False
3.37,1.8152,0.7468468607376455,-0.29377749203537695,,,,,,,,,,,,,,,,,True,False,False,False,False
3.38,1.8152,0.7468468607376455,-0.29377749203537695,,,,,,,,,,,,,,,,,False,False,False,False,False
3.39,1.8152,0.7468468607376455,-0.29377749203537695,,,,,,,,,,,,,,,,,False,False,False,False,False
3.4,1.8152,0.7468468607376455,-0.29377749203537695,,,,,,,,,,,,,,,,,False,False,False,False,False
3.41,1.7907,0.7323303337082786,-0.43391400341638864,,,,,,,,,,,,,,,,,False,False,False,False,False
3.42,1.7907,0.7323303337082786,-0.43391400341638864,,,,,,,,,,,,,,,,,False,False,False,False,False
3.43,1.7907,0.7323303337082786,-0.43391400341638864,,,,,,,,,,,,,,,,,False,False,False,False,False
3.44,1.7664,0.7280010660572033,-0.12970006029752287,,,,,,,,,,,,,,,,,True,False,False,False,False
3.45,1.7664,0.7280010660572033,-0.12970006029752287,,,,,,,,,,,,,,,,,False,False,False,False,False
3.46,1.7664,0.7280010660572033,-0.12970006029752287,,,,,,,,,,,,,,,,,False,False,False,False,False
3.47,1.7425,0.7130806803947283,-0.4451648016715233,,,,,,,,,,,,,,,,,True,False,False,False,False
3.48,1.7425,0.7130806803947283,-0.4451648016715233,,,,,,,,,,,,,,,,,False,False,False,False,False
3.49,1.7425,0.7130806803947283,-0.4451648016715233,,,,,,,,,,,,,,,,,False,False,False,False,False
3.5,1.7425,0.7130806803947283,-0.4451648016715233,,,,,,,,,,,,,,,,,False,False,False,False,False
3.51,1.7185,0.7256472773714238,0.37995487008179324,,,,,,,,,,,,,,,,,True,False,False,False,False
3.52,1.7185,0.7256472773714238,0.37995487008179324,,,,,,,,,,,,,,,,,False,False,False,False,False
3.53,1.7185,0.7256472773714238,0.37995487008179324,,,,,,,,,,,,,,,,,False,False,False,False,False
3.54,1.6943,0.72629749145249,0.019514415536590963,,,,,,,,,,,,,,,,,False,False,False,False,False
3.55,1.6943,0.72629749145249,0.019514415536590963,,,,,,,,,,,,,,,,,False,False,False,False,False
3.56,1.6943,0.72629749145249,0.019514415536590963,,,,,,,,,,,,,,,,,False,False,False,False,False
3.57,1.6699,0.729961247434371,0.10960655273889196,,,,,,,,,,,,,,,,,False,False,False,False,False
3.58,1.6699,0.729961247434371,0.10960655273889196,,,,,,,,,,,,,,,,,False,False,False,False,False
3.59,1.6699,0.729961247434371,0.10960655273889196,,,,,,,,,,,,,,,,,False,False,False,False,False
3.6,1.6699,0.729961247434371,0.10960655273889196,,,,,,,,,,,,,,,,,False,False,False,False,False
3.61,1.6454,0.7363138194743613,0.19091781968372618,,,,,,,,,,,,,,,,,True,False,False,False,False
3.62,1.6454,0.7363138194743613,0.19091781968372618,,,,,,,,,,,,,,,,,False,False,False,False,False
3.63,1.6454,0.7363138194743613,0.19091781968372618,,,,,,,,,,,,,,,,,False,False,False,False,False
3.64,1.6206,0.7353331865829656,-0.029076286649112888,,,,,,,,,,,,,,,,,True,False,False,False,False
3.65,1.6206,0.7353331865829656,-0.029076286649112888,,,,,,,,,,,,,,,,,False,False,False,False,False
3.66,1.6206,0.7353331865829656,-0.029076286649112888,,,,,,,,,,,,,,,,,False,False,False,False,False
3.67,1.5958,0.7498645405991183,0.43937689933893215,,,,,,,,,,,,,,,,,True,False,False,False,False
3.68,1.5958,0.7498645405991183,0.43937689933893215,,,,,,,,,,,,,,,,,False,False,False,False,False
3.69,1.5958,0.7498645405991183,0.43937689933893215,,,,,,,,,1.707489950699633,,,,,,,,False,False,False,True,False
3.7,1.5958,0.7498645405991183,0.43937689933893215,,,,,,,,,1.707489950699633,,,,,,,,False,False,False,False,False
3.71,1.5708,0.7542887045447527,0.13348387564984576,,,,,,,,,1.707489950699633,,,,,,,,False,False,False,False,False
3.72,1.5708,0.7542887045447527,0.13348387564984576,,,,,,,,,1.6654109366773544,1.1844179086348336,,1.2228577356999262,,,,,False,False,False,True,False
3.73,1.5708,0.7542887045447527,0.13348387564984576,,,,,,,,,1.6654109366773544,1.1844179086348336,,1.2228577356999262,,,,,False,False,False,False,False
3.74,1.546,0.739475592534634,-0.4416909185872766,,,,,,,,,1.6654109366773544,1.1844179086348336,,1.2228577356999262,,,,,False,False,False,False,False
3.75,1.546,0.739475592534634,-0.4416909185872766,,,,,,,,,1.6511817019115909,0.4597203472430121,-23.41364240969672,0.9988094694024814,,,,,False,False,False,True,False
3.76,1.546,0.739475592534634,-0.4416909185872766,,,,,,,,,1.6511817019115909,0.4597203472430121,-23.41364240969672,0.9988094694024814,,,,,False,False,False,False,False
3.77,1.5214,0.7440533802042573,0.13846009713172974,,,,,,,,,1.6511817019115909,0.4597203472430121,-23.41364240969672,0.9988094694024814,,,,,True,False,False,False,False
3.78,1.5214,0.7440533802042573,0.13846009713172974,,,,,,,,,1.6511817019115909,0.4597203472430121,-23.41364240969672,0.9988094694024814,,,,,False,False,False,False,False
3.79,1.5214,0.7440533802042573,0.13846009713172974,,,,,,,,,1.6412424370793426,0.2954467875914686,-4.883066937485511,0.6223952128633923,,,,,False,False,False,True,False
3.8,1.5214,0.7440533802042573,0.13846009713172974,,,,,,,,,1.6412424370793426,0.2954467875914686,-4.883066937485511,0.6223952128633923,,,,,False,False,False,False,False
3.81,1.4971,0.7236719220535663,-0.6069748557269479,1.3227816471406464,,,,,,,,1.6412424370793426,0.2954467875914686,-4.883066937485511,0.6223952128633923,,,,,True,False,False,False,False
3.82,1.4971,0.7236719220535663,-0.6069748557269479,1.3227816471406464,,,,,,,,1.6412424370793426,0.2954467875914686,-4.883066937485511,0.6223952128633923,,,,,False,False,False,False,False
3.83,1.4971,0.7236719220535663,-0.6069748557269479,1.3227816471406464,,,,,,,,,,,,,,,,False,False,False,False,False
3.84,1.4729,0.727381676041276,0.1115044245157467,1.3569233447376225,0.0,,0.0,,,,,,,,,,,,,True,False,False,False,False
3.85,1.4729,0.727381676041276,0.1115044245157467,1.3569233447376225,0.0,,0.0,,,,,,,,,,,,,False,False,False,False,False
3.86,1.4729,0.727381676041276,0.1115044245157467,1.3569233447376225,0.0,,0.0,,,,,,,,,,,,,False,False,False,False,False
3.87,1.449,0.7115968734041208,-0.4699755733849686,1.3569233447376225,0.0,,0.0,,,,,,,,,,,,,True,False,False,False,False
3.88,1.449,0.7115968734041208,-0.4699755733849686,1.342697111780061,0.4709744939527627,15.59210893113912,1.5593035893025926,,,,,,,,,,,,,False,True,False,False,False
3.89,1.449,0.7115968734041208,-0.4699755733849686,1.342697111780061,0.4709744939527627,15.59210893113912,1.5593035893025926,,,,,1.576973328449343,,,,,,,,False,False,False,True,False
3.9,1.449,0.7115968734041208,-0.4699755733849686,1.342697111780061,0.4709744939527627,15.59210893113912,1.5593035893025926,,,,,1.576973328449343,,,,,,,,False,False,False,False,False
3.91,1.4255,0.7168606603464147,0.1605702886542821,1.342697111780061,0.4709744939527627,15.59210893113912,1.5593035893025926,,,,,1.576973328449343,,,,,,,,True,False,False,False,False
3.92,1.4255,0.7168606603464147,0.1605702886542821,,,,,,,,,1.4970740533222338,2.5163185883214023,,1.350359490250586,,,,,False,False,False,True,False
3.93,1.4255,0.7168606603464147,0.1605702886542821,,,,,,,,,1.4970740533222338,2.5163185883214023,,1.350359490250586,,,,,False,False,False,False,False
3.94,1.4023,0.6850480006047277,-0.9393620237052287,,,,,,,,,1.4970740533222338,2.5163185883214023,,1.350359490250586,,,,,True,False,False,False,False
3.95,1.4023,0.6850480006047277,-0.9393620237052287,,,,,,,,,1.4970740533222338,2.5163185883214023,,1.350359490250586,,,,,False,False,False,False,False
3.96,1.4023,0.6850480006047277,-0.9393620237052287,,,,,,,,,,,,,,,,,False,False,False,False,False
3.97,1.3793,0.6985154057269131,0.40900825882660696,,,,,,,,,,,,,,,,,False,False,False,False,False
3.98,1.3793,0.6985154057269131,0.40900825882660696,,,,,,,,,,,,,,,,,False,False,False,False,False
3.99,1.3793,0.6985154057269131,0.40900825882660696,,,,,,,,,,,,,,,,,False,False,False,False,False
4.0,1.3793,0.6985154057269131,0.40900825882660696,,,,,,,,,,,,,,,,,False,False,False,False,False
4.01,1.3564,0.6824888036072616,-0.47764089548168404,,,,,,,,,,,,,,,,,True,False,False,False,False
4.02,1.3564,0.6824888036072616,-0.47764089548168404,,,,,,,,,,,,,,,,,False,False,False,False,False
4.03,1.3564,0.6824888036072616,-0.47764089548168404,,,,,,,,,,,,,,,,,False,False,False,False,False
4.04,1.3335,0.6856274287378595,0.0939706322298634,,,,,,,,,,,,,,,,,True,False,False,False,False
4.05,1.3335,0.6856274287378595,0.0939706322298634,1.1886062812624876,,,,,,,,,,,,,,,,False,True,False,False,False
4.06,1.3335,0.6856274287378595,0.0939706322298634,1.1886062812624876,,,,,,,,,,,,,,,,False,False,False,False,False
4.07,1.3105,0.6947451650569534,0.2754131836502026,1.1886062812624876,,,,,,,,,,,,,,,,True,False,False,False,False
4.08,1.3105,0.6947451650569534,0.2754131836502026,1.1579284659672089,0.9806321991226052,,1.7726200782256751,,,,,,,,,,,,,False,True,False,False,False
4.09,1.3105,0.6947451650569534,0.2754131836502026,1.1579284659672089,0.9806321991226052,,1.7726200782256751,,,,,,,,,,,,,False,False,False,False,False
4.1,1.2875,0.6920586807989318,-0.08083498919971695,1.1579284659672089,0.9806321991226052,,1.7726200782256751,,,,,,,,,,,,,True,False,False,False,False
4.11,1.2875,0.6920586807989318,-0.08083498919971695,1.1579284659672089,0.9806321991226052,,1.7726200782256751,,,,,,,,,,,,,False,False,False,False,False
4.12,1.2875,0.6920586807989318,-0.08083498919971695,1.1579284659672089,0.9806321991226052,,1.7726200782256751,,,,,,,,,,,,,False,False,False,False,False
4.13,1.2875,0.6920586807989318,-0.08083498919971695,,,,,,,,,,,,,,,,,False,False,False,False,False
4.14,1.2646,0.6848190977086781,-0.2164980244390629,,,,,,,,,,,,,,,,,False,False,False,False,False
4.15,1.2646,0.6848190977086781,-0.2164980244390629,,,,,,,,,,,,,,,,,False,False,False,False,False
4.16,1.2646,0.6848190977086781,-0.2164980244390629,,,,,,,,,,,,,,,,,False,False,False,False,False
4.17,1.2417,0.6854645593869778,0.019320572267113104,,,,,,,,,,,,,,,,,False,False,False,False,False
4.18,1.2417,0.6854645593869778,0.019320572267113104,,,,,,,,,,,,,,,,,False,False,False,False,False
4.19,1.2417,0.6854645593869778,0.019320572267113104,,,,,,,,,,,,,,,,,False,False,False,False,False
4.2,1.2417,0.6854645593869778,0.019320572267113104,,,,,,,,,,,,,,,,,False,False,False,False,False
4.21,1.2189,0.6815885940812265,-0.11586902383572999,,,,,,,,,,,,,,,,,True,False,False,False,False
4.22,1.2189,0.6815885940812265,-0.11586902383572999,,,,,,,,,1.183033009491969,,,,,,,,False,False,False,True,False
4.23,1.2189,0.6815885940812265,-0.11586902383572999,,,,,,,,,1.183033009491969,,,,,,,,False,False,False,False,False
4.24,1.1963,0.6805890697154537,-0.030100237091115773,,,,,,,,,1.183033009491969,,,,,,,,False,False,False,False,False
4.25,1.1963,0.6805890697154537,-0.030100237091115773,,,,,,,,,1.183033009491969,,,,,,,,False,False,False,False,False
4.26,1.1963,0.6805890697154537,-0.030100237091115773,,,,,,,,,,,,,,,,,False,False,False,False,False
4.27,1.174,0.6673155886836678,-0.3972018299824097,,,,,,,,,,,,,,,,,True,False,False,False,False
4.28,1.174,0.6673155886836678,-0.3972018299824097,,,,,,,,,,,,,,,,,False,False,False,False,False
4.29,1.174,0.6673155886836678,-0.3972018299824097,,,,,,,,,,,,,,,,,False,False,False,False,False
4.3,1.174,0.6673155886836678,-0.3972018299824097,,,,,,,,,,,,,,,,,False,False,False,False,False
4.31,1.1519,0.662599683775052,-0.14139172403448286,,,,,,,,,,,,,,,,,False,False,False,False,False
4.32,1.1519,0.662599683775052,-0.14139172403448286,,,,,,,,,,,,,,,,,False,False,False,False,False
4.33,1.1519,0.662599683775052,-0.14139172403448286,,,,,,,,,,,,,,,,,False,False,False,False,False
4.34,1.1302,0.6528568292795578,-0.2931193130903437,,,,,,,,,,,,,,,,,False,False,False,False,False
4.35,1.1302,0.6528568292795578,-0.2931193130903437,,,,,,,,,,,,,,,,,False,False,False,False,False
4.36,1.1302,0.6528568292795578,-0.2931193130903437,,,,,,,,,1.0905849938558652,,,,,,,,False,False,False,True,False
4.37,1.1088,0.6407369792664738,-0.36288019096010077,,,,,,,,,1.0905849938558652,,,,,,,,True,False,False,False,False
4.38,1.1088,0.6407369792664738,-0.36288019096010077,,,,,,,,,1.0905849938558652,,,,,,,,False,False,False,False,False
4.39,1.1088,0.6407369792664738,-0.36288019096010077,,,,,,,,,1.0905849938558652,,,,,,,,False,False,False,False,False
4.4,1.1088,0.6407369792664738,-0.36288019096010077,,,,,,,,,1.0905849938558652,,,,,,,,False,False,False,False,False
4.41,1.0878,0.6278222103168444,-0.38610375179465306,,,,,,,,,,,,,,,,,False,False,False,False,False
4.42,1.0878,0.6278222103168444,-0.38610375179465306,,,,,,,,,,,,,,,,,False,False,False,False,False
4.43,1.0878,0.6278222103168444,-0.38610375179465306,,,,,,,,,,,,,,,,,False,False,False,False,False
4.44,1.0669,0.6308436039099027,0.09119745564953015,,,,,,,,,,,,,,,,,False,False,False,False,False
4.45,1.0669,0.6308436039099027,0.09119745564953015,,,,,,,,,,,,,,,,,False,False,False,False,False
4.46,1.0669,0.6308436039099027,0.09119745564953015,,,,,,,,,1.078396163761842,,,,,,,,False,False,False,True,False
4.47,1.0464,0.6178009612862495,-0.39306132441980285,,,,,,,,,1.078396163761842,,,,,,,,False,False,False,False,False
4.48,1.0464,0.6178009612862495,-0.39306132441980285,,,,,,,,,1.078396163761842,,,,,,,,False,False,False,False,False
4.49,1.0464,0.6178009612862495,-0.39306132441980285,,,,,,,,,1.0348914259461264,1.3119061124824603,,2.034269268954868,,,,,False,False,False,True,False
4.5,1.0464,0.6178009612862495,-0.39306132441980285,,,,,,,,,1.0348914259461264,1.3119061124824603,,2.034269268954868,,,,,False,False,False,False,False
4.51,1.0261,0.5987335870312036,-0.562378196206407,,,,,,,,,1.0348914259461264,1.3119061124824603,,2.034269268954868,,,,,True,False,False,False,False
4.52,1.0261,0.5987335870312036,-0.562378196206407,,,,,,,,,0.9900379080885902,1.330344673057354,0.5468833217846227,2.1562947725242756,,,,,False,False,False,True,False
4.53,1.0261,0.5987335870312036,-0.562378196206407,,,,,,,,,0.9900379080885902,1.330344673057354,0.5468833217846227,2.1562947725242756,,,,,False,False,False,False,False
4.54,1.0062,0.601920143405806,0.09638454622971689,,,,,,,,,0.9900379080885902,1.330344673057354,0.5468833217846227,2.1562947725242756,,,,,True,False,False,False,False
4.55,1.0062,0.601920143405806,0.09638454622971689,,,,,,,,,0.9900379080885902,1.330344673057354,0.5468833217846227,2.1562947725242756,,,,,False,False,False,False,False
4.56,1.0062,0.601920143405806,0.09638454622971689,,,,,,,,,,,,,,,,,False,False,False,False,False
4.57,0.9865,0.5945631934357427,-0.22203917097197187,,,,,,,,,,,,,,,,,True,False,False,False,False
4.58,0.9865,0.5945631934357427,-0.22203917097197187,,,,,,,,,,,,,,,,,False,False,False,False,False
4.59,0.9865,0.5945631934357427,-0.22203917097197187,,,,,,,,,,,,,,,,,False,False,False,False,False
4.6,0.9671,0.578403349158133,-0.4817993841259447,,,,,,,,,,,,,,,,,True,False,False,False,False
4.61,0.9671,0.578403349158133,-0.4817993841259447,,,,,,,,,,,,,,,,,False,False,False,False,False
4.62,0.9671,0.578403349158133,-0.4817993841259447,,,,,,,,,,,,,,,,,False,False,False,False,False
4.63,0.9671,0.578403349158133,-0.4817993841259447,,,,,,,,,,,,,,,,,False,False,False,False,False
4.64,0.9479,0.5781995636520623,-0.0061369109733693675,,,,,0.8034574550353601,,,,,,,,,,,,False,False,True,False,False
4.65,0.9479,0.5781995636520623,-0.0061369109733693675,,,,,0.8034574550353601,,,,,,,,,,,,False,False,False,False,False
4.66,0.9479,0.5781995636520623,-0.0061369109733693675,,,,,0.8034574550353601,,,,,,,,,,,,False,False,False,False,False
4.67,0.9291,0.5595280725948368,-0.5557033725383573,,,,,0.8034574550353601,,,,,,,,,,,,True,False,False,False,False
4.68,0.9291,0.5595280725948368,-0.5557033725383573,,,,,0.8034574550353601,,,,,,,,,,,,False,False,False,False,False
4.69,0.9291,0.5595280725948368,-0.5557033725383573,,,,,,,,,,,,,,,,,False,False,False,False,False
4.7,0.9291,0.5595280725948368,-0.5557033725383573,,,,,,,,,,,,,,,,,False,False,False,False,False
4.71,0.9108,0.5556716156865782,-0.11709965251572395,,,,,,,,,,,,,,,,,False,False,False,False,False
4.72,0.9108,0.5556716156865782,-0.11709965251572395,,,,,,,,,,,,,,,,,False,False,False,False,False
4.73,0.9108,0.5556716156865782,-0.11709965251572395,,,,,,,,,,,,,,,,,False,False,False,False,False
4.74,0.8929,0.5322838796607877,-0.695470104373749,,,,,,,,,,,,,,,,,False,False,False,False,False
4.75,0.8929,0.5322838796607877,-0.695470104373749,,,,,,,,,,,,,,,,,False,False,False,False,False
4.76,0.8929,0.5322838796607877,-0.695470104373749,,,,,,,,,,,,,,,,,False,False,False,False,False
4.77,0.8756,0.52454863348106,-0.23453831290264687,,,,,,,,,,,,,,,,,False,False,False,False,False
4.78,0.8756,0.52454863348106,-0.23453831290264687,,,,,,,,,,,,,,,,,False,False,False,False,False
4.79,0.8756,0.52454863348106,-0.23453831290264687,,,,,,,,,,,,,0.9650038388031761,,,,False,False,False,False,True
4.8,0.8756,0.52454863348106,-0.23453831290264687,,,,,,,,,,,,,0.9650038388031761,,,,False,False,False,False,False
4.81,0.8588,0.5004422956670362,-0.718085180700898,,,,,,,,,,,,,0.9650038388031761,,,,False,False,False,False,False
4.82,0.8588,0.5004422956670362,-0.718085180700898,,,,,,,,,,,,,0.9519767644876425,0.37459335604326804,,1.6411130381288017,False,False,False,False,True
4.83,0.8588,0.5004422956670362,-0.718085180700898,,,,,,,,,,,,,0.9519767644876425,0.37459335604326804,,1.6411130381288017,False,False,False,False,False
4.84,0.8426,0.48565809669992355,-0.44321394639511913,,,,,,,,,,,,,0.9519767644876425,0.37459335604326804,,1.6411130381288017,True,False,False,False,False
4.85,0.8426,0.48565809669992355,-0.44321394639511913,,,,,,,,,,,,,0.9519767644876425,0.37459335604326804,,1.6411130381288017,False,False,False,False,False
4.86,0.8426,0.48565809669992355,-0.44321394639511913,,,,,,,,,,,,,,,,,False,False,False,False,False
4.87,0.8268,0.47472309822321523,-0.3285504022739935,,,,,,,,,,,,,,,,,False,False,False,False,False
4.88,0.8268,0.47472309822321523,-0.3285504022739935,,,,,,,,,,,,,,,,,False,False,False,False,False
4.89,0.8268,0.47472309822321523,-0.3285504022739935,,,,,,,,,,,,,,,,,False,False,False,False,False
4.9,0.8268,0.47472309822321523,-0.3285504022739935,,,,,,,,,,,,,,,,,False,False,False,False,False
4.91,0.8117,0.45200832988489265,-0.6799512914124126,,,,,0.6744654904267712,,,,,,,,,,,,True,False,False,False,False
4.92,0.8117,0.45200832988489265,-0.6799512914124126,,,,,0.6744654904267712,,,,,,,,,,,,False,False,False,False,False
4.93,0.8117,0.45200832988489265,-0.6799512914124126,,,,,0.6744654904267712,,,,,,,,,,,,False,False,False,False,False
4.94,0.7971,0.4421129948758525,-0.29964768466757763,,,,,,,,,,,,,,,,,False,False,False,False,False
4.95,0.7971,0.4421129948758525,-0.29964768466757763,,,,,,,,,,,,,,,,,False,False,False,False,False
4.96,0.7971,0.4421129948758525,-0.29964768466757763,,,,,,,,,,,,,,,,,False,False,False,False,False
4.97,0.7832,0.41639985122242645,-0.7702841145142058,,,,,,,,,,,,,,,,,False,False,False,False,False
4.98,0.7832,0.41639985122242645,-0.7702841145142058,,,,,,,,,,,,,,,,,False,False,False,False,False
4.99,0.7832,0.41639985122242645,-0.7702841145142058,,,,,,,,,,,,,,,,,False,False,False,False,False
5.0,0.7832,0.41639985122242645,-0.7702841145142058,,,,,,,,,,,,,,,,,False,False,False,False,False
5.01,0.7698,0.4020133790052574,-0.43160853044697006,,,,,,,,,,,,,,,,,True,False,False,False,False
5.02,0.7698,0.4020133790052574,-0.43160853044697006,,,,,,,,,,,,,,,,,False,False,False,False,False
5.03,0.7698,0.4020133790052574,-0.43160853044697006,,,,,,,,,,,,,,,,,False,False,False,False,False
5.04,0.7572,0.3760227819669518,-0.7756394129623525,,,,,,,,,,,,,,,,,True,False,False,False,False
5.05,0.7572,0.3760227819669518,-0.7756394129623525,,,,,,,,,0.545815516683894,,,,,,,,False,False,False,True,False
5.06,0.7572,0.3760227819669518,-0.7756394129623525,,,,,,,,,0.545815516683894,,,,,,,,False,False,False,False,False
5.07,0.7453,0.35837708545348296,-0.5314128812851804,,,,,,,,,0.545815516683894,,,,,,,,True,False,False,False,False
5.08,0.7453,0.35837708545348296,-0.5314128812851804,,,,,,,,,0.545815516683894,,,,,,,,False,False,False,False,False
5.09,0.7453,0.35837708545348296,-0.5314128812851804,,,,,,,,,0.545815516683894,,,,,,,,False,False,False,False,False
5.1,0.7344,0.3262091645980791,-0.9627037237705055,,,,,,,,,,,,,,,,,True,False,False,False,False
5.11,0.7344,0.3262091645980791,-0.9627037237705055,,,,,,,,,,,,,,,,,False,False,False,False,False
5.12,0.7344,0.3262091645980791,-0.9627037237705055,,,,,,,,,,,,,,,,,False,False,False,False,False
5.13,0.7344,0.3262091645980791,-0.9627037237705055,,,,,,,,,,,,,,,,,False,False,False,False,False
5.14,0.7243,0.3027194638184855,-0.7040385767579431,,,,,,,,,,,,,,,,,True,False,False,False,False
5.15,0.7243,0.3027194638184855,-0.7040385767579431,,,,,,,,,,,,,,,,,False,False,False,False,False
5.16,0.7243,0.3027194638184855,-0.7040385767579431,,,,,,,,,,,,,,,,,False,False,False,False,False
5.17,0.715,0.27874810091616653,-0.7184916005799574,,,,,,,,,,,,,,,,,True,False,False,False,False
5.18,0.715,0.27874810091616653,-0.7184916005799574,,,,,,,,,,,,,,,,,False,False,False,False,False
5.19,0.715,0.27874810091616653,-0.7184916005799574,,,,,,,,,,,,,,,,,False,False,False,False,False
5.2,0.715,0.27874810091616653,-0.7184916005799574,,,,,,,,,,,,,,,,,False,False,False,False,False
5.21,0.7067,0.2488324660772416,-0.8968652037633683,,,,,,,,,,,,,,,,,True,False,False,False,False
5.22,0.7067,0.2488324660772416,-0.8968652037633683,,,,,,,,,,,,,,,,,False,False,False,False,False
5.23,0.7067,0.2488324660772416,-0.8968652037633683,,,,,,,,,,,,,,,,,False,False,False,False,False
5.24,0.6992,0.22523063617143751,-0.7087806885992465,,,,,,,,,,,,,,,,,False,False,False,False,False
5.25,0.6992,0.22523063617143751,-0.7087806885992465,,,,,,,,,,,,,,,,,False,False,False,False,False
5.26,0.6992,0.22523063617143751,-0.7087806885992465,,,,,,,,,,,,,,,,,False,False,False,False,False
5.27,0.6927,0.1963091464357494,-0.8734696867174105,,,,,,,,,,,,,,,,,False,False,False,False,False
5.28,0.6927,0.1963091464357494,-0.8734696867174105,,,,,,,,,,,,,,,,,False,False,False,False,False
5.29,0.6927,0.1963091464357494,-0.8734696867174105,,,,,,,,,,,,,,,,,False,False,False,False,False
5.3,0.6927,0.1963091464357494,-0.8734696867174105,,,,,,,,,,,,,,,,,False,False,False,False,False
5.31,0.6872,0.1648055031374178,-0.9439952335351506,,,,,,,,,,,,,,,,,True,False,False,False,False
5.32,0.6872,0.1648055031374178,-0.9439952335351506,,,,,,,,,,,,,,,,,False,False,False,False,False
5.33,0.6872,0.1648055031374178,-0.9439952335351506,,,,,,,,,,,,,,,,,False,False,False,False,False
5.34,0.6828,0.13118626732612904,-1.0023595582817788,,,,,,,,,,,,,,,,,True,False,False,False,False
5.35,0.6828,0.13118626732612904,-1.0023595582817788,,,,,,,,,,,,,,,,,False,False,False,False,False
5.36,0.6828,0.13118626732612904,-1.0023595582817788,,,,,,,,,,,,,,,,,False,False,False,False,False
5.37,0.6794,0.10302890433487283,-0.8532418405730764,,,,,,,,,,,,,,,,,True,False,False,False,False
5.38,0.6794,0.10302890433487283,-0.8532418405730764,,,,,,,,,,,,,,,,,False,False,False,False,False
5.39,0.6794,0.10302890433487283,-0.8532418405730764,,,,,,,,,,,,,,,,,False,False,False,False,False
5.4,0.6794,0.10302890433487283,-0.8532418405730764,,,,,,,,,,,,,,,,,False,False,False,False,False
5.41,0.6769,0.07523362146005079,-0.8364559160717381,,,,,,,,,,,,,,,,,True,False,False,False,False
5.42,0.6769,0.07523362146005079,-0.8364559160717381,,,,,,,,,,,,,,,,,False,False,False,False,False
5.43,0.6769,0.07523362146005079,-0.8364559160717381,,,,,,,,,,,,,,,,,False,False,False,False,False
5.44,0.6755,0.041816728985538884,-0.9981322401040008,,,,,,,,,,,,,,,,,True,False,False,False,False
5.45,0.6755,0.041816728985538884,-0.9981322401040008,,,,,,,,,,,,,,,,,False,False,False,False,False
5.46,0.6755,0.041816728985538884,-0.9981322401040008,,,,,,,,,,,,,,,,,False,False,False,False,False
5.47,0.6752,0.008953881065716174,-0.9808334391828105,,,,,,,,,,,,,,,,,True,False,False,False,False
