,distance_tracker,speed_tracker,acceleration_tracker,distance_wheelchair_FT,speed_wheelchair_FT,acceleration_wheelchair_FT,danger_wheelchair_FT,distance_wheelchair_v5,speed_wheelchair_v5,acceleration_wheelchair_v5,danger_wheelchair_v5,distance_drone_FT,speed_drone_FT,acceleration_drone_FT,danger_drone_FT,distance_drone_v5,speed_drone_v5,acceleration_drone_v5,danger_drone_v5,tracker_data,wheelchair_data_FT,wheelchair_data_v5,drone_data_FT,drone_data_v5
2.19,2.547,-0.0,-0.0909563572363376,,0.0,0.0,,,0.0,0.0,,,0.0,0.0,,,0.0,0.0,,False,False,False,False,False
2.2,2.547,-0.0,-0.0909563572363376,,0.0,0.0,,,0.0,0.0,,,0.0,0.0,,,0.0,0.0,,False,False,False,False,False
2.21,2.547,-0.0,-0.0909563572363376,,0.0,0.0,,,0.0,0.0,,,0.0,0.0,,,0.0,0.0,,True,False,False,False,False
2.22,2.547,-0.0,-0.0909563572363376,,0.0,0.0,,,0.0,0.0,,,0.0,0.0,,,0.0,0.0,,False,False,False,False,False
2.23,2.547,-0.0,-0.0909563572363376,,,,,,,,,,0.0,0.0,,,0.0,0.0,,False,False,False,False,False
2.24,2.547,-0.0,0.0,,,,,,,,,,,,,,,,,True,False,False,False,False
2.25,2.547,-0.0,0.0,,,,,,,,,,,,,,,,,False,False,False,False,False
2.26,2.547,-0.0,0.0,,,,,,,,,,,,,,,,,False,False,False,False,False
2.27,2.547,-0.0,0.0,,,,,,,,,,,,,,,,,True,False,False,False,False
2.28,2.547,-0.0,0.0,,,,,,,,,,,,,,,,,False,False,False,False,False
2.29,2.547,-0.0,0.0,,,,,,,,,,,,,,,,,False,False,False,False,False
2.3,2.5469,0.003019533726024015,0.09117583922577228,,,,,,,,,,,,,,,,,False,False,False,False,False
2.31,2.5469,0.003019533726024015,0.09117583922577228,,,,,,,,,,,,,,,,,False,False,False,False,False
2.32,2.5469,0.003019533726024015,0.09117583922577228,,,,,,,,,,,,,,,,,False,False,False,False,False
2.33,2.5469,0.003019533726024015,0.09117583922577228,,,,,,,,,,,,,,,,,False,False,False,False,False
2.34,2.5469,-0.0,-0.08981370018032185,,,,,,,,,,,,,,,,,True,False,False,False,False
2.35,2.5469,-0.0,-0.08981370018032185,,,,,,,,,,,,,,,,,False,False,False,False,False
2.36,2.5469,-0.0,-0.08981370018032185,,,,,,,,,,,,,,,,,False,False,False,False,False
2.37,2.547,-0.003011711461664644,-0.09070405928303045,,,,,,,,,,,,,,,,,False,False,False,False,False
2.38,2.547,-0.003011711461664644,-0.09070405928303045,,,,,,,,,,,,,,,,,False,False,False,False,False
2.39,2.547,-0.003011711461664644,-0.09070405928303045,,,,,,,,,,,,,,,,,False,False,False,False,False
2.4,2.547,-0.003011711461664644,-0.09070405928303045,,,,,,,,,,,,,,,,,False,False,False,False,False
2.41,2.5468,0.006003704045247086,0.2706294327421761,,,,,,,,,,,,,,,,,True,False,False,False,False
2.42,2.5468,0.006003704045247086,0.2706294327421761,,,,,,,,,,,,,,,,,False,False,False,False,False
2.43,2.5468,0.006003704045247086,0.2706294327421761,,,,,,,,,,,,,,,,,False,False,False,False,False
2.44,2.5458,0.030095303399190365,0.7250439919284194,,,,,,,,,,,,,,,,,True,False,False,False,False
2.45,2.5458,0.030095303399190365,0.7250439919284194,,,,,,,,,,,,,,,,,False,False,False,False,False
2.46,2.5458,0.030095303399190365,0.7250439919284194,,,,,,,,,,,,,,,,,False,False,False,False,False
2.47,2.5429,0.08687012568728879,1.700702051048538,,,,,,,,,,,,,,,,,False,False,False,False,False
2.48,2.5429,0.08687012568728879,1.700702051048538,,,,,,,,,,,,,,,,,False,False,False,False,False
2.49,2.5429,0.08687012568728879,1.700702051048538,,,,,,,,,,,,,,,,,False,False,False,False,False
2.5,2.5429,0.08687012568728879,1.700702051048538,,,,,,,,,,,,,,,,,False,False,False,False,False
2.51,2.5376,0.1577056529323527,2.107766617922658,,,,,,,,,,,,,,,,,True,False,False,False,False
2.52,2.5376,0.1577056529323527,2.107766617922658,,,,,,,,,,,,,,,,,False,False,False,False,False
2.53,2.5376,0.1577056529323527,2.107766617922658,,,,,,,,,,,,,,,,,False,False,False,False,False
2.54,2.5294,0.24774156373508033,2.72019967494878,,,,,,,,,,,,,,,,,False,False,False,False,False
2.55,2.5294,0.24774156373508033,2.72019967494878,,,,,,,,,,,,,,,,,False,False,False,False,False
2.56,2.5294,0.24774156373508033,2.72019967494878,,,,,,,,,,,,,,,,,False,False,False,False,False
2.57,2.5183,0.33272742968959773,2.5474890755848243,,,,,,,,,,,,,,,,,True,False,False,False,False
2.58,2.5183,0.33272742968959773,2.5474890755848243,,,,,,,,,,,,,,,,,False,False,False,False,False
2.59,2.5183,0.33272742968959773,2.5474890755848243,,,,,,,,,,,,,,,,,False,False,False,False,False
2.6,2.5183,0.33272742968959773,2.5474890755848243,,,,,,,,,,,,,,,,,False,False,False,False,False
2.61,2.5045,0.41230381508902225,2.377510673273735,,,,,,,,,,,,,,,,,True,False,False,False,False
2.62,2.5045,0.41230381508902225,2.377510673273735,,,,,,,,,,,,,,,,,False,False,False,False,False
2.63,2.5045,0.41230381508902225,2.377510673273735,,,,,,,,,,,,,,,,,False,False,False,False,False
2.64,2.488,0.4971086953168417,2.5549844464576905,,,,,,,,,,,,,,,,,False,False,False,False,False
2.65,2.488,0.4971086953168417,2.5549844464576905,,,,,,,,,,,,,,,,,False,False,False,False,False
2.66,2.488,0.4971086953168417,2.5549844464576905,,,,,,,,,,,,,,,,,False,False,False,False,False
2.67,2.4687,0.5818704366886365,2.5554586252070366,,,,,,,,,,,,,,,,,False,False,False,False,False
2.68,2.4687,0.5818704366886365,2.5554586252070366,,,,,,,,,,,,,,,,,False,False,False,False,False
2.69,2.4687,0.5818704366886365,2.5554586252070366,,,,,,,,,,,,,,,,,False,False,False,False,False
2.7,2.4687,0.5818704366886365,2.5554586252070366,,,,,,,,,,,,,,,,,False,False,False,False,False
2.71,2.4469,0.6484538005817769,1.9805612555975167,,,,,,,,,,,,,,,,,True,False,False,False,False
2.72,2.4469,0.6484538005817769,1.9805612555975167,,,,,,,,,,,,,,,,,False,False,False,False,False
2.73,2.4469,0.6484538005817769,1.9805612555975167,,,,,,,,,,,,,,,,,False,False,False,False,False
2.74,2.4231,0.7165994789418616,2.0518133447469022,,,,,,,,,,,,,,,,,True,False,False,False,False
2.75,2.4231,0.7165994789418616,2.0518133447469022,,,,,,,,,,,,,,,,,False,False,False,False,False
2.76,2.4231,0.7165994789418616,2.0518133447469022,,,,,,,,,,,,,,,,,False,False,False,False,False
2.77,2.3974,0.7682407251522649,1.5436929352703312,,,,,,,,,,,,,,,,,True,False,False,False,False
2.78,2.3974,0.7682407251522649,1.5436929352703312,,,,,,,,,,,,,,,,,False,False,False,False,False
2.79,2.3974,0.7682407251522649,1.5436929352703312,,,,,,,,,,,,,,,,,False,False,False,False,False
2.8,2.3974,0.7682407251522649,1.5436929352703312,,,,,,,,,,,,,,,,,False,False,False,False,False
2.81,2.3699,0.8348958535732418,2.023639648656906,,,,,,,,,,,,,,,,,True,False,False,False,False
2.82,2.3699,0.8348958535732418,2.023639648656906,,,,,,,,,,,,,,,,,False,False,False,False,False
2.83,2.3699,0.8348958535732418,2.023639648656906,,,,,,,,,,,,,,,,,False,False,False,False,False
2.84,2.3414,0.8499757592878209,0.4497387477101124,,,,,,,,,,,,,,,,,True,False,False,False,False
2.85,2.3414,0.8499757592878209,0.4497387477101124,,,,,,,,,,,,,,,,,False,False,False,False,False
2.86,2.3414,0.8499757592878209,0.4497387477101124,,,,,,,,,,,,,,,,,False,False,False,False,False
2.87,2.3122,0.870599774073398,0.6149062538633429,,,,,,,,,,,,,,,,,True,False,False,False,False
2.88,2.3122,0.870599774073398,0.6149062538633429,,,,,,,,,,,,,,,,,False,False,False,False,False
2.89,2.3122,0.870599774073398,0.6149062538633429,,,,,,,,,,,,,,,,,False,False,False,False,False
2.9,2.3122,0.870599774073398,0.6149062538633429,,,,,,,,,,,,,,,,,False,False,False,False,False
2.91,2.2833,0.8669489540455838,-0.10951815240561139,,,,,,,,,,,,,,,,,True,False,False,False,False
2.92,2.2833,0.8669489540455838,-0.10951815240561139,,,,,,,,,,,,,,,,,False,False,False,False,False
2.93,2.2833,0.8669489540455838,-0.10951815240561139,,,,,,,,,,,,,,,,,False,False,False,False,False
2.94,2.2546,0.8675248976622959,0.017409248332662317,,,,,,,,,,,,,,,,,True,False,False,False,False
2.95,2.2546,0.8675248976622959,0.017409248332662317,,,,,,,,,,,,,,,,,False,False,False,False,False
2.96,2.2546,0.8675248976622959,0.017409248332662317,,,,,,,,,,,,,,,,,False,False,False,False,False
2.97,2.227,0.8212846510706641,-1.3759566951967293,,,,,,,,,,,,,,,,,True,False,False,False,False
2.98,2.227,0.8212846510706641,-1.3759566951967293,,,,,,,,,,,,,,,,,False,False,False,False,False
2.99,2.227,0.8212846510706641,-1.3759566951967293,,,,,,,,,,,,,,,,,False,False,False,False,False
3.0,2.227,0.8212846510706641,-1.3759566951967293,,,,,,,,,,,,,,,,,False,False,False,False,False
3.01,2.2004,0.8006892911359221,-0.619943013039017,,,,,,,,,,,,,,,,,True,False,False,False,False
3.02,2.2004,0.8006892911359221,-0.619943013039017,,,,,,,,,,,,,,,,,False,False,False,False,False
3.03,2.2004,0.8006892911359221,-0.619943013039017,,,,,,,,,,,,,,,,,False,False,False,False,False
3.04,2.1749,0.7623788804188131,-1.1453744325840944,,,,,,,,,,,,,,,,,True,False,False,False,False
3.05,2.1749,0.7623788804188131,-1.1453744325840944,,,,,,,,,,,,,,,,,False,False,False,False,False
3.06,2.1749,0.7623788804188131,-1.1453744325840944,,,,,,,,,,,,,,,,,False,False,False,False,False
3.07,2.1505,0.7377356884113964,-0.7450886155838445,,,,,,,,,,,,,,,,,False,False,False,False,False
3.08,2.1505,0.7377356884113964,-0.7450886155838445,,,,,,,,,,,,,,,,,False,False,False,False,False
3.09,2.1505,0.7377356884113964,-0.7450886155838445,,,,,,,,,,,,,,,,,False,False,False,False,False
3.1,2.1505,0.7377356884113964,-0.7450886155838445,,,,,,,,,,,,,,,,,False,False,False,False,False
3.11,2.1265,0.7194603471827944,-0.5478493060505832,,,,,,,,,,,,,,,,,True,False,False,False,False
3.12,2.1265,0.7194603471827944,-0.5478493060505832,,,,,,,,,,,,,,,,,False,False,False,False,False
3.13,2.1265,0.7194603471827944,-0.5478493060505832,,,,,,,,,,,,,,,,,False,False,False,False,False
3.14,2.1028,0.7055614196872301,-0.41377835510127103,,,,,,,,,,,,,,,,,True,False,False,False,False
3.15,2.1028,0.7055614196872301,-0.41377835510127103,,,,,,,,,,,,,,,,,False,False,False,False,False
3.16,2.1028,0.7055614196872301,-0.41377835510127103,,,,,,,,,,,,,,,,,False,False,False,False,False
3.17,2.0788,0.7198083582226921,0.4272943932046118,,,,,,,,,,,,,,,,,True,False,False,False,False
3.18,2.0788,0.7198083582226921,0.4272943932046118,,,,,,,,,,,,,,,,,False,False,False,False,False
3.19,2.0788,0.7198083582226921,0.4272943932046118,,,,,,,,,,,,,,,,,False,False,False,False,False
3.2,2.0788,0.7198083582226921,0.4272943932046118,,,,,,,,,,,,,,,,,False,False,False,False,False
3.21,2.0543,0.7380684754023826,0.5500904835707332,,,,,,,,,,,,,,,,,True,False,False,False,False
3.22,2.0543,0.7380684754023826,0.5500904835707332,,,,,,,,,,,,,,,,,False,False,False,False,False
3.23,2.0543,0.7380684754023826,0.5500904835707332,,,,,,,,,,,,,,,,,False,False,False,False,False
3.24,2.0292,0.7483466012303683,0.30643826814307296,,,,,,,,,,,,,,,,,True,False,False,False,False
3.25,2.0292,0.7483466012303683,0.30643826814307296,,,,,,,,,,,,,,,,,False,False,False,False,False
3.26,2.0292,0.7483466012303683,0.30643826814307296,,,,,,,,,,,,,,,,,False,False,False,False,False
3.27,2.0034,0.7781674915644144,0.8994436987388494,,,,,,,,,,,,,,,,,True,False,False,False,False
3.28,2.0034,0.7781674915644144,0.8994436987388494,,,,,,,,,,,,,,,,,False,False,False,False,False
3.29,2.0034,0.7781674915644144,0.8994436987388494,,,,,,,,,,,,,,,,,False,False,False,False,False
3.3,2.0034,0.7781674915644144,0.8994436987388494,,,,,,,,,,,,,,,,,False,False,False,False,False
3.31,1.9771,0.7949854133779141,0.5083651150213854,,,,,,,,,,,,,,,,,False,False,False,False,False
3.32,1.9771,0.7949854133779141,0.5083651150213854,,,,,,,,,,,,,,,,,False,False,False,False,False
3.33,1.9771,0.7949854133779141,0.5083651150213854,,,,,,,,,,,,,,,,,False,False,False,False,False
3.34,1.9504,0.7996080423199243,0.1384378756064505,,,,,,,,,,,,,,,,,True,False,False,False,False
3.35,1.9504,0.7996080423199243,0.1384378756064505,,,,,,,,,,,,,,,,,False,False,False,False,False
3.36,1.9504,0.7996080423199243,0.1384378756064505,,,,,,,,,,,,,,,,,False,False,False,False,False
3.37,1.9235,0.8035277316836384,0.11708472503084381,,,,,,,,,,,,,,,,,True,False,False,False,False
3.38,1.9235,0.8035277316836384,0.11708472503084381,,,,,,,,,,,,,,,,,False,False,False,False,False
3.39,1.9235,0.8035277316836384,0.11708472503084381,,,,,,,,,,,,,,,,,False,False,False,False,False
3.4,1.9235,0.8035277316836384,0.11708472503084381,,,,,,,,,,,,,,,,,False,False,False,False,False
3.41,1.8968,0.7971451336767518,-0.19055643975298348,,,,,,,,,,,,,,,,,True,False,False,False,False
3.42,1.8968,0.7971451336767518,-0.19055643975298348,,,,,,,,,,,,,,,,,False,False,False,False,False
3.43,1.8968,0.7971451336767518,-0.19055643975298348,,,,,,,,,,,,,,,,,False,False,False,False,False
3.44,1.8703,0.7988672845699107,0.051915849344813345,,,,,,,,,,,,,,,,,True,False,False,False,False
3.45,1.8703,0.7988672845699107,0.051915849344813345,,,,,,,,,,,,,,,,,False,False,False,False,False
3.46,1.8703,0.7988672845699107,0.051915849344813345,,,,,,,,,,,,,,,,,False,False,False,False,False
3.47,1.8443,0.7805535061022505,-0.5498032304966189,,,,,,,,,,,,,,,,,True,False,False,False,False
3.48,1.8443,0.7805535061022505,-0.5498032304966189,,,,,,,,,,,,,,,,,False,False,False,False,False
3.49,1.8443,0.7805535061022505,-0.5498032304966189,,,,,,,,,,,,,,,,,False,False,False,False,False
3.5,1.8443,0.7805535061022505,-0.5498032304966189,,,,,,,,,,,,,,,,,False,False,False,False,False
3.51,1.8187,0.7611740348313214,-0.5762168101637006,,,,,,,,,,,,,,,,,True,False,False,False,False
3.52,1.8187,0.7611740348313214,-0.5762168101637006,,,,,,,,,,,,,,,,,False,False,False,False,False
3.53,1.8187,0.7611740348313214,-0.5762168101637006,,,,,,,,,,,,,,,,,False,False,False,False,False
3.54,1.7935,0.7655620537866935,0.13330558744165188,,,,,,,,,,,,,,,,,True,False,False,False,False
3.55,1.7935,0.7655620537866935,0.13330558744165188,,,,,,,,,,,,,,,,,False,False,False,False,False
3.56,1.7935,0.7655620537866935,0.13330558744165188,,,,,,,,,,,,,,,,,False,False,False,False,False
3.57,1.7686,0.7422590430402936,-0.694653431991181,,,,,,,,,,,,,,,,,False,False,False,False,False
3.58,1.7686,0.7422590430402936,-0.694653431991181,,,,,,,,,,,,,,,,,False,False,False,False,False
3.59,1.7686,0.7422590430402936,-0.694653431991181,,,,,,,,,,,,,,,,,False,False,False,False,False
3.6,1.7686,0.7422590430402936,-0.694653431991181,,,,,,,,,,,,,,,,,False,False,False,False,False
3.61,1.744,0.7294861381027594,-0.37876654858680736,,,,,,,,,,,,,,,,,True,False,False,False,False
3.62,1.744,0.7294861381027594,-0.37876654858680736,,,,,,,,,,,,,,,,,False,False,False,False,False
3.63,1.744,0.7294861381027594,-0.37876654858680736,,,,,,,,,,,,,,,,,False,False,False,False,False
3.64,1.7193,0.7609237848878896,0.9684879829842064,,,,,,,,,,,,,,,,,True,False,False,False,False
3.65,1.7193,0.7609237848878896,0.9684879829842064,,,,,,,,,,,,,,,,,False,False,False,False,False
3.66,1.7193,0.7609237848878896,0.9684879829842064,,,,,,,,,,,,,,,,,False,False,False,False,False
3.67,1.6948,0.7350922099668105,-0.7750444692105845,,,,,,,,,,,,,,,,,False,False,False,False,False
3.68,1.6948,0.7350922099668105,-0.7750444692105845,,,,,,,,,,,,,,,,,False,False,False,False,False
3.69,1.6948,0.7350922099668105,-0.7750444692105845,,,,,,,,,,,,,,,,,False,False,False,False,False
3.7,1.6948,0.7350922099668105,-0.7750444692105845,,,,,,,,,,,,,,,,,False,False,False,False,False
3.71,1.6701,0.7328743581563595,-0.06580594016478417,,,,,,,,,,,,,,,,,True,False,False,False,False
3.72,1.6701,0.7328743581563595,-0.06580594016478417,,,,,,,,,,,,,,,,,False,False,False,False,False
3.73,1.6701,0.7328743581563595,-0.06580594016478417,,,,,,,,,,,,,,,,,False,False,False,False,False
3.74,1.6451,0.748254949736424,0.46034415118630834,,,,,,,,,,,,,,,,,False,False,False,False,False
3.75,1.6451,0.748254949736424,0.46034415118630834,,,,,,,,,,,,,,,,,False,False,False,False,False
3.76,1.6451,0.748254949736424,0.46034415118630834,,,,,,,,,,,,,,,,,False,False,False,False,False
3.77,1.6199,0.760893090414395,0.38159817133147506,,,,,,,,,,,,,,,,,False,False,False,False,False
3.78,1.6199,0.760893090414395,0.38159817133147506,,,,,,,,,,,,,,,,,False,False,False,False,False
3.79,1.6199,0.760893090414395,0.38159817133147506,,,,,,,,,,,,,,,,,False,False,False,False,False
3.8,1.6199,0.760893090414395,0.38159817133147506,,,,,,,,,,,,,,,,,False,False,False,False,False
3.81,1.5945,0.7557393344352366,-0.1533423666744431,,,,,,,,,,,,,,,,,True,False,False,False,False
3.82,1.5945,0.7557393344352366,-0.1533423666744431,,,,,,,,,,,,,,,,,False,False,False,False,False
3.83,1.5945,0.7557393344352366,-0.1533423666744431,,,,,,,,,,,,,,,,,False,False,False,False,False
3.84,1.569,0.7681818707632495,0.37482866013696686,,,,,,,,,,,,,,,,,True,False,False,False,False
3.85,1.569,0.7681818707632495,0.37482866013696686,,,,,,,,,,,,,,,,,False,False,False,False,False
3.86,1.569,0.7681818707632495,0.37482866013696686,,,,,,,,,,,,,,,,,False,False,False,False,False
3.87,1.5438,0.7603406326034103,-0.23658777709706913,,,,,,,,,1.7088247680002726,,,,,,,,True,False,False,False,False
3.88,1.5438,0.7603406326034103,-0.23658777709706913,,,,,,,,,1.7088247680002726,,,,,,,,False,False,False,False,False
3.89,1.5438,0.7603406326034103,-0.23658777709706913,,,,,,,,,1.7088247680002726,,,,,,,,False,False,False,False,False
3.9,1.5438,0.7603406326034103,-0.23658777709706913,,,,,,,,,1.7088247680002726,,,,,,,,False,False,False,False,False
3.91,1.5184,0.7526436162546335,-0.22807520547694557,,,,,,,,,,,,,,,,,True,False,False,False,False
3.92,1.5184,0.7526436162546335,-0.22807520547694557,,,,,,,,,,,,,,,,,False,False,False,False,False
3.93,1.5184,0.7526436162546335,-0.22807520547694557,,,,,,,,,,,,,,,,,False,False,False,False,False
3.94,1.4932,0.7598769530043883,0.21811293212136357,,,,,,,,,,,,,,,,,False,False,False,False,False
3.95,1.4932,0.7598769530043883,0.21811293212136357,,,,,,,,,,,,,,,,,False,False,False,False,False
3.96,1.4932,0.7598769530043883,0.21811293212136357,,,,,,,,,,,,,,,,,False,False,False,False,False
3.97,1.468,0.7546457429355525,-0.15665517495430495,,,,,,,,,,,,,,,,,False,False,False,False,False
3.98,1.468,0.7546457429355525,-0.15665517495430495,,,,,,,,,,,,,,,,,False,False,False,False,False
3.99,1.468,0.7546457429355525,-0.15665517495430495,,,,,,,,,,,,,,,,,False,False,False,False,False
4.0,1.468,0.7546457429355525,-0.15665517495430495,,,,,,,,,,,,,,,,,False,False,False,False,False
4.01,1.4434,0.7342799614879045,-0.607893708010166,,,,,,,,,,,,,,,,,True,False,False,False,False
4.02,1.4434,0.7342799614879045,-0.607893708010166,,,,,,,,,,,,,,,,,False,False,False,False,False
4.03,1.4434,0.7342799614879045,-0.607893708010166,,,,,,,,,,,,,,,,,False,False,False,False,False
4.04,1.4187,0.7464479954819219,0.36772488193482367,,,,,,,,,,,,,,,,,True,False,False,False,False
4.05,1.4187,0.7464479954819219,0.36772488193482367,,,,,,,,,,,,,,,,,False,False,False,False,False
4.06,1.4187,0.7464479954819219,0.36772488193482367,,,,,,,,,,,,,,,,,False,False,False,False,False
4.07,1.3944,0.7272648043579716,-0.5741259152148678,,,,,,,,,,,,,,,,,True,False,False,False,False
4.08,1.3944,0.7272648043579716,-0.5741259152148678,,,,,,,,,,,,,,,,,False,False,False,False,False
4.09,1.3944,0.7272648043579716,-0.5741259152148678,,,,,,,,,,,,,,,,,False,False,False,False,False
4.1,1.3944,0.7272648043579716,-0.5741259152148678,,,,,,,,,1.4514429811320064,,,,,,,,False,False,False,True,False
4.11,1.3702,0.7240223185564185,-0.09700959041019488,,,,,,,,,1.4514429811320064,,,,,,,,True,False,False,False,False
4.12,1.3702,0.7240223185564185,-0.09700959041019488,,,,,,,,,1.4514429811320064,,,,,,,,False,False,False,False,False
4.13,1.3702,0.7240223185564185,-0.09700959041019488,,,,,,,,,1.4514429811320064,,,,,,,,False,False,False,False,False
4.14,1.3463,0.71877935266311,-0.1576793150973666,,,,,,,,,1.4475725897153202,0.0893562287018046,,0.12203672303901011,,,,,True,False,False,False,False
4.15,1.3463,0.71877935266311,-0.1576793150973666,,,,,,,,,1.4475725897153202,0.0893562287018046,,0.12203672303901011,,,,,False,False,False,False,False
4.16,1.3463,0.71877935266311,-0.1576793150973666,,,,,,,,,1.4475725897153202,0.0893562287018046,,0.12203672303901011,,,,,False,False,False,False,False
4.17,1.3224,0.7141279487807047,-0.13898315956036272,,,,,,,,,,,,,,,,,True,False,False,False,False
4.18,1.3224,0.7141279487807047,-0.13898315956036272,,,,,,,,,,,,,,,,,False,False,False,False,False
4.19,1.3224,0.7141279487807047,-0.13898315956036272,,,,,,,,,,,,,,,,,False,False,False,False,False
4.2,1.3224,0.7141279487807047,-0.13898315956036272,,,,,,,,,,,,,,,,,False,False,False,False,False
4.21,1.2987,0.7149331618941814,0.02429002351124699,,,,,,,,,,,,,,,,,True,False,False,False,False
4.22,1.2987,0.7149331618941814,0.02429002351124699,,,,,,,,,,,,,,,,,False,False,False,False,False
4.23,1.2987,0.7149331618941814,0.02429002351124699,1.2241174051219257,,,,,,,,,,,,,,,,False,True,False,False,False
4.24,1.2749,0.7148198125466048,-0.0034043848481948844,1.2241174051219257,,,,,,,,,,,,,,,,True,False,False,False,False
4.25,1.2749,0.7148198125466048,-0.0034043848481948844,1.2241174051219257,,,,,,,,,,,,,,,,False,False,False,False,False
4.26,1.2749,0.7148198125466048,-0.0034043848481948844,1.1628104608228111,2.2691161671838116,,1.7639485607585463,,,,,,,,,,,,,False,False,False,False,False
4.27,1.2512,0.7034811930091185,-0.3365614176922953,1.1628104608228111,2.2691161671838116,,1.7639485607585463,,,,,,,,,,,,,True,False,False,False,False
4.28,1.2512,0.7034811930091185,-0.3365614176922953,1.1628104608228111,2.2691161671838116,,1.7639485607585463,,,,,,,,,,,,,False,False,False,False,False
4.29,1.2512,0.7034811930091185,-0.3365614176922953,1.0957126501021563,2.0318365785836905,-7.185232160199322,1.7634324946872095,,,,,,,,,,,,,False,True,False,False,False
4.3,1.2512,0.7034811930091185,-0.3365614176922953,1.0957126501021563,2.0318365785836905,-7.185232160199322,1.7634324946872095,,,,,,,,,,,,,False,False,False,False,False
4.31,1.2274,0.7222444492783034,0.5693973819666025,1.0957126501021563,2.0318365785836905,-7.185232160199322,1.7634324946872095,,,,,,,,,,,,,True,False,False,False,False
4.32,1.2274,0.7222444492783034,0.5693973819666025,1.0957126501021563,2.0318365785836905,-7.185232160199322,1.7634324946872095,,,,,,,,,,,,,False,False,False,False,False
4.33,1.2274,0.7222444492783034,0.5693973819666025,1.0957126501021563,2.0318365785836905,-7.185232160199322,1.7634324946872095,,,,,1.193777551208242,,,,,,,,False,False,False,True,False
4.34,1.2037,0.7086344082729112,-0.40694275757072323,,,,,,,,,1.193777551208242,,,,,,,,True,False,False,False,False
4.35,1.2037,0.7086344082729112,-0.40694275757072323,,,,,,,,,1.193777551208242,,,,,,,,False,False,False,False,False
4.36,1.2037,0.7086344082729112,-0.40694275757072323,,,,,,,,,1.193777551208242,,,,,,,,False,False,False,False,False
4.37,1.1798,0.7196048544362956,0.330309050816043,,,,,,,,,1.2079228054841415,0.0,,0.0,,,,,True,False,False,False,False
4.38,1.1798,0.7196048544362956,0.330309050816043,,,,,,,,,1.2079228054841415,0.0,,0.0,,,,,False,False,False,False,False
4.39,1.1798,0.7196048544362956,0.330309050816043,1.1102005205359213,,,,,,,,1.2079228054841415,0.0,,0.0,,,,,False,True,False,False,False
4.4,1.1798,0.7196048544362956,0.330309050816043,1.1102005205359213,,,,,,,,1.1801708174820664,0.7795810576461797,21.8992104419796,1.907371498375704,,,,,False,False,False,True,False
4.41,1.1561,0.7062180562972,-0.3989028929044324,1.1102005205359213,,,,,,,,1.1801708174820664,0.7795810576461797,21.8992104419796,1.907371498375704,,,,,True,False,False,False,False
4.42,1.1561,0.7062180562972,-0.3989028929044324,1.1102005205359213,,,,,,,,1.1801708174820664,0.7795810576461797,21.8992104419796,1.907371498375704,,,,,False,False,False,False,False
4.43,1.1561,0.7062180562972,-0.3989028929044324,1.1102005205359213,,,,,,,,1.1801708174820664,0.7795810576461797,21.8992104419796,1.907371498375704,,,,,False,False,False,False,False
4.44,1.1327,0.7133311222100852,0.21683637991421895,,,,,,,,,,,,,,,,,False,False,False,False,False
4.45,1.1327,0.7133311222100852,0.21683637991421895,,,,,,,,,,,,,,,,,False,False,False,False,False
4.46,1.1327,0.7133311222100852,0.21683637991421895,,,,,,,,,,,,,,,,,False,False,False,False,False
4.47,1.1095,0.6885351770247589,-0.7359000218825351,,,,,,,,,,,,,,,,,False,False,False,False,False
4.48,1.1095,0.6885351770247589,-0.7359000218825351,,,,,,,,,,,,,,,,,False,False,False,False,False
4.49,1.1095,0.6885351770247589,-0.7359000218825351,,,,,,,,,,,,,,,,,False,False,False,False,False
4.5,1.1095,0.6885351770247589,-0.7359000218825351,,,,,,,,,1.1024751044265764,,,,,,,,False,False,False,True,False
4.51,1.0866,0.683009910742244,-0.16479526770513492,,,,,,,,,1.1024751044265764,,,,,,,,True,False,False,False,False
4.52,1.0866,0.683009910742244,-0.16479526770513492,,,,,,,,,1.1024751044265764,,,,,,,,False,False,False,False,False
4.53,1.0866,0.683009910742244,-0.16479526770513492,,,,,,,,,1.1024751044265764,,,,,,,,False,False,False,False,False
4.54,1.0639,0.6841596132924884,0.03465110362011387,,,,,,,,,,,,,,,,,True,False,False,False,False
4.55,1.0639,0.6841596132924884,0.03465110362011387,,,,,,,,,,,,,,,,,False,False,False,False,False
4.56,1.0639,0.6841596132924884,0.03465110362011387,,,,,,,,,,,,,,,,,False,False,False,False,False
4.57,1.0416,0.6703970000846554,-0.4137405653747404,,,,,,,,,,,,,,,,,False,False,False,False,False
4.58,1.0416,0.6703970000846554,-0.4137405653747404,,,,,,,,,,,,,,,,,False,False,False,False,False
4.59,1.0416,0.6703970000846554,-0.4137405653747404,,,,,,,,,,,,,,,,,False,False,False,False,False
4.6,1.0416,0.6703970000846554,-0.4137405653747404,,,,,,,,,,,,,,,,,False,False,False,False,False
4.61,1.0194,0.6591323680310105,-0.3344542162395045,,,,,,,,,,,,,,,,,True,False,False,False,False
4.62,1.0194,0.6591323680310105,-0.3344542162395045,,,,,,,,,,,,,,,,,False,False,False,False,False
4.63,1.0194,0.6591323680310105,-0.3344542162395045,,,,,,,,,,,,,,,,,False,False,False,False,False
4.64,0.9978,0.655895087880233,-0.09830167356421958,,,,,,,,,,,,,,,,,True,False,False,False,False
4.65,0.9978,0.655895087880233,-0.09830167356421958,,,,,0.8907277407546288,,,,,,,,,,,,False,False,True,False,False
4.66,0.9978,0.655895087880233,-0.09830167356421958,,,,,0.8907277407546288,,,,,,,,,,,,False,False,False,False,False
4.67,0.9762,0.6506350197792914,-0.15844372744891408,,,,,0.8907277407546288,,,,,,,,,,,,True,False,False,False,False
4.68,0.9762,0.6506350197792914,-0.15844372744891408,,,,,0.9491935435589596,0.0,,0.0,,,,,,,,,False,False,True,False,False
4.69,0.9762,0.6506350197792914,-0.15844372744891408,,,,,0.9491935435589596,0.0,,0.0,,,,,,,,,False,False,False,False,False
4.7,0.9762,0.6506350197792914,-0.15844372744891408,,,,,0.9491935435589596,0.0,,0.0,0.9600034634183447,,,,,,,,False,False,False,True,False
4.71,0.955,0.6326055902281793,-0.5379961284272944,,,,,0.9491935435589596,0.0,,0.0,0.9600034634183447,,,,,,,,True,False,False,False,False
4.72,0.955,0.6326055902281793,-0.5379961284272944,,,,,0.9491935435589596,0.0,,0.0,0.9600034634183447,,,,,,,,False,False,False,False,False
4.73,0.955,0.6326055902281793,-0.5379961284272944,,,,,1.0175841807914348,0.0,0.0,0.0,0.9707553113416456,0.0,,0.0,,,,,False,False,False,True,False
4.74,0.9339,0.6342095644813869,0.04821117595100156,,,,,1.0175841807914348,0.0,0.0,0.0,0.9707553113416456,0.0,,0.0,,,,,True,False,False,False,False
4.75,0.9339,0.6342095644813869,0.04821117595100156,,,,,1.0175841807914348,0.0,0.0,0.0,0.9707553113416456,0.0,,0.0,,,,,False,False,False,False,False
4.76,0.9339,0.6342095644813869,0.04821117595100156,,,,,0.9986377987736202,0.6175933972302466,20.131632727755726,2.344653309066543,0.9707553113416456,0.0,,0.0,,,,,False,False,True,False,False
4.77,0.9128,0.6334540598701147,-0.022681396363077897,,,,,0.9986377987736202,0.6175933972302466,20.131632727755726,2.344653309066543,,,,,1.2704193555672463,,,,True,False,False,False,False
4.78,0.9128,0.6334540598701147,-0.022681396363077897,,,,,0.9494151664096786,1.7513381031774677,40.33856393782882,2.5121141386538084,,,,,1.2704193555672463,,,,False,False,True,False,False
4.79,0.9128,0.6334540598701147,-0.022681396363077897,,,,,0.9494151664096786,1.7513381031774677,40.33856393782882,2.5121141386538084,,,,,1.2704193555672463,,,,False,False,False,False,False
4.8,0.9128,0.6334540598701147,-0.022681396363077897,,,,,0.9494151664096786,1.7513381031774677,40.33856393782882,2.5121141386538084,,,,,0.9998239552441033,3.5,,2.1281385401725803,False,False,False,False,True
4.81,0.8921,0.6158978040476155,-0.522360357892534,,,,,0.9494151664096786,1.7513381031774677,40.33856393782882,2.5121141386538084,,,,,0.9998239552441033,3.5,,2.1281385401725803,True,False,False,False,False
4.82,0.8921,0.6158978040476155,-0.522360357892534,,,,,0.9494151664096786,1.7513381031774677,40.33856393782882,2.5121141386538084,,,,,0.9998239552441033,3.5,,2.1281385401725803,False,False,False,False,False
4.83,0.8921,0.6158978040476155,-0.522360357892534,,,,,0.8991732365556213,1.215322309626919,-12.965902267421606,2.222691744946041,,,,,1.0030003516811181,0.0,-101.82830095930518,-0.21191930966403852,False,False,False,False,True
4.84,0.8717,0.6163374377378349,0.01328248540063921,,,,,0.8991732365556213,1.215322309626919,-12.965902267421606,2.222691744946041,,,,,1.0030003516811181,0.0,-101.82830095930518,-0.21191930966403852,True,False,False,False,False
4.85,0.8717,0.6163374377378349,0.01328248540063921,,,,,0.8991732365556213,1.215322309626919,-12.965902267421606,2.222691744946041,,,,,1.0030003516811181,0.0,-101.82830095930518,-0.21191930966403852,False,False,False,False,False
4.86,0.8717,0.6163374377378349,0.01328248540063921,,,,,0.8991732365556213,1.215322309626919,-12.965902267421606,2.222691744946041,,,,,1.072046835262728,0.0,0.0,0.0,False,False,False,False,True
4.87,0.8516,0.6012652775225165,-0.4508640096879236,,,,,,,,,,,,,1.072046835262728,0.0,0.0,0.0,True,False,False,False,False
4.88,0.8516,0.6012652775225165,-0.4508640096879236,,,,,,,,,,,,,1.072046835262728,0.0,0.0,0.0,False,False,False,False,False
4.89,0.8516,0.6012652775225165,-0.4508640096879236,,,,,,,,,,,,,1.072046835262728,0.0,0.0,0.0,False,False,False,False,False
4.9,0.8516,0.6012652775225165,-0.4508640096879236,,,,,,,,,0.8541240559608161,,,,1.0178440630351386,1.609107469213294,47.76926974521225,2.2864504361463003,False,False,False,True,True
4.91,0.832,0.588548432971778,-0.38186117003483794,,,,,,,,,0.8541240559608161,,,,1.0178440630351386,1.609107469213294,47.76926974521225,2.2864504361463003,True,False,False,False,False
4.92,0.832,0.588548432971778,-0.38186117003483794,,,,,,,,,0.8541240559608161,,,,1.0178440630351386,1.609107469213294,47.76926974521225,2.2864504361463003,False,False,False,False,False
4.93,0.832,0.588548432971778,-0.38186117003483794,,,,,,,,,0.8254611288834082,0.8325307196689832,,2.82090580647775,0.9937528831014322,0.6997417714428835,-26.413034396749115,1.9309485653770866,False,False,False,True,True
4.94,0.8128,0.5774561133353913,-0.33361082214071336,,,,,,,,,0.8254611288834082,0.8325307196689832,,2.82090580647775,0.9937528831014322,0.6997417714428835,-26.413034396749115,1.9309485653770866,True,False,False,False,False
4.95,0.8128,0.5774561133353913,-0.33361082214071336,,,,,,,,,0.8254611288834082,0.8325307196689832,,2.82090580647775,0.9937528831014322,0.6997417714428835,-26.413034396749115,1.9309485653770866,False,False,False,False,False
4.96,0.8128,0.5774561133353913,-0.33361082214071336,,,,,,,,,0.8254611288834082,0.8325307196689832,,2.82090580647775,0.9937528831014322,0.6997417714428835,-26.413034396749115,1.9309485653770866,False,False,False,False,False
4.97,0.7942,0.5578900287175381,-0.5868668553410699,,,,,,,,,0.7827955692658102,1.2482948518203878,12.164289660977579,3.3939309621831595,,,,,True,False,False,False,False
4.98,0.7942,0.5578900287175381,-0.5868668553410699,,,,,,,,,0.7827955692658102,1.2482948518203878,12.164289660977579,3.3939309621831595,,,,,False,False,False,False,False
4.99,0.7942,0.5578900287175381,-0.5868668553410699,,,,,,,,,0.7827955692658102,1.2482948518203878,12.164289660977579,3.3939309621831595,,,,,False,False,False,False,False
5.0,0.7942,0.5578900287175381,-0.5868668553410699,,,,,,,,,0.7490575241908589,1.1601267491265732,-3.0317753778441396,3.2645357312058616,,,,,False,False,False,True,False
5.01,0.7762,0.5372205498082152,-0.6168927124397642,,,,,,,,,0.7490575241908589,1.1601267491265732,-3.0317753778441396,3.2645357312058616,,,,,True,False,False,False,False
5.02,0.7762,0.5372205498082152,-0.6168927124397642,,,,,,,,,0.7490575241908589,1.1601267491265732,-3.0317753778441396,3.2645357312058616,,,,,False,False,False,False,False
5.03,0.7762,0.5372205498082152,-0.6168927124397642,,,,,,,,,0.7490575241908589,1.1601267491265732,-3.0317753778441396,3.2645357312058616,,,,,False,False,False,False,False
5.04,0.7587,0.5266191220880113,-0.3190236890796168,,,,,,,,,,,,,,,,,True,False,False,False,False
5.05,0.7587,0.5266191220880113,-0.3190236890796168,,,,,,,,,,,,,,,,,False,False,False,False,False
5.06,0.7587,0.5266191220880113,-0.3190236890796168,,,,,,,,,,,,,,,,,False,False,False,False,False
5.07,0.7417,0.511482234597283,-0.4554264140356091,,,,,,,,,,,,,,,,,False,False,False,False,False
5.08,0.7417,0.511482234597283,-0.4554264140356091,,,,,,,,,,,,,,,,,False,False,False,False,False
5.09,0.7417,0.511482234597283,-0.4554264140356091,,,,,,,,,,,,,,,,,False,False,False,False,False
5.1,0.7254,0.4866726922518435,-0.7407439734227721,,,,,,,,,0.6266500215913118,,,,,,,,False,False,False,True,False
5.11,0.7254,0.4866726922518435,-0.7407439734227721,,,,,,,,,0.6266500215913118,,,,,,,,False,False,False,False,False
5.12,0.7254,0.4866726922518435,-0.7407439734227721,,,,,,,,,0.6266500215913118,,,,,,,,False,False,False,False,False
5.13,0.7254,0.4866726922518435,-0.7407439734227721,,,,,,,,,0.6266500215913118,,,,,,,,False,False,False,False,False
5.14,0.7096,0.4763535677073235,-0.3111108729366012,,,,,,,,,0.5915386495172752,0.8245240086099562,,5.706254764611975,,,,,False,False,False,True,False
5.15,0.7096,0.4763535677073235,-0.3111108729366012,,,,,,,,,0.5915386495172752,0.8245240086099562,,5.706254764611975,,,,,False,False,False,False,False
5.16,0.7096,0.4763535677073235,-0.3111108729366012,,,,,,,,,0.5854546986084372,0.24112900128499568,-23.12205630498576,1.90875419223571,,,,,False,False,False,True,False
5.17,0.6944,0.45640777296067964,-0.5989089315951683,,,,,,,,,0.5854546986084372,0.24112900128499568,-23.12205630498576,1.90875419223571,,,,,True,False,False,False,False
5.18,0.6944,0.45640777296067964,-0.5989089315951683,,,,,,,,,0.5854546986084372,0.24112900128499568,-23.12205630498576,1.90875419223571,,,,,False,False,False,False,False
5.19,0.6944,0.45640777296067964,-0.5989089315951683,,,,,,,,,0.5854546986084372,0.24112900128499568,-23.12205630498576,1.90875419223571,,,,,False,False,False,False,False
5.2,0.6944,0.45640777296067964,-0.5989089315951683,,,,,,,,,0.5854546986084372,0.24112900128499568,-23.12205630498576,1.90875419223571,,,,,False,False,False,False,False
5.21,0.68,0.428078933950263,-0.8421513335852648,,,,,,,,,,,,,,,,,True,False,False,False,False
5.22,0.68,0.428078933950263,-0.8421513335852648,,,,,,,,,,,,,,,,,False,False,False,False,False
5.23,0.68,0.428078933950263,-0.8421513335852648,,,,,,,,,,,,,,,,,False,False,False,False,False
5.24,0.6663,0.4139993424360825,-0.4254701918714851,,,,,,,,,,,,,,,,,True,False,False,False,False
5.25,0.6663,0.4139993424360825,-0.4254701918714851,,,,,,,,,,,,,,,,,False,False,False,False,False
5.26,0.6663,0.4139993424360825,-0.4254701918714851,,,,,,,,,,,,,,,,,False,False,False,False,False
5.27,0.6534,0.38498747029926594,-0.8658300203564918,,,,,,,,,,,,,,,,,True,False,False,False,False
5.28,0.6534,0.38498747029926594,-0.8658300203564918,,,,,,,,,,,,,,,,,False,False,False,False,False
5.29,0.6534,0.38498747029926594,-0.8658300203564918,,,,,,,,,,,,,,,,,False,False,False,False,False
5.3,0.6534,0.38498747029926594,-0.8658300203564918,,,,,,,,,,,,,,,,,False,False,False,False,False
5.31,0.6413,0.36259157684784227,-0.6711208530138824,,,,,,,,,,,,,,,,,False,False,False,False,False
5.32,0.6413,0.36259157684784227,-0.6711208530138824,,,,,,,,,,,,,,,,,False,False,False,False,False
5.33,0.6413,0.36259157684784227,-0.6711208530138824,,,,,,,,,,,,,,,,,False,False,False,False,False
5.34,0.6302,0.3338623798817306,-0.8641079343420749,,,,,,,,,,,,,,,,,True,False,False,False,False
5.35,0.6302,0.3338623798817306,-0.8641079343420749,,,,,,,,,,,,,,,,,False,False,False,False,False
5.36,0.6302,0.3338623798817306,-0.8641079343420749,,,,,,,,,,,,,,,,,False,False,False,False,False
5.37,0.62,0.3067995441560309,-0.8140064376680624,,,,,,,,,,,,,,,,,True,False,False,False,False
5.38,0.62,0.3067995441560309,-0.8140064376680624,,,,,,,,,,,,,,,,,False,False,False,False,False
5.39,0.62,0.3067995441560309,-0.8140064376680624,,,,,,,,,,,,,,,,,False,False,False,False,False
5.4,0.62,0.3067995441560309,-0.8140064376680624,,,,,,,,,,,,,,,,,False,False,False,False,False
5.41,0.6111,0.26775330786648127,-1.1746920141868686,,,,,,,,,,,,,,,,,True,False,False,False,False
5.42,0.6111,0.26775330786648127,-1.1746920141868686,,,,,,,,,,,,,,,,,False,False,False,False,False
5.43,0.6111,0.26775330786648127,-1.1746920141868686,,,,,,,,,,,,,,,,,False,False,False,False,False
5.44,0.6032,0.23705340339072073,-0.9212046632593721,,,,,,,,,,,,,,,,,True,False,False,False,False
5.45,0.6032,0.23705340339072073,-0.9212046632593721,,,,,,,,,,,,,,,,,False,False,False,False,False
5.46,0.6032,0.23705340339072073,-0.9212046632593721,,,,,,,,,,,,,,,,,False,False,False,False,False
5.47,0.5969,0.18825733235415562,-1.4581298670964549,,,,,,,,,,,,,,,,,True,False,False,False,False
5.48,0.5969,0.18825733235415562,-1.4581298670964549,,,,,,,,,,,,,,,,,False,False,False,False,False
5.49,0.5969,0.18825733235415562,-1.4581298670964549,,,,,,,,,,,,,,,,,False,False,False,False,False
5.5,0.5969,0.18825733235415562,-1.4581298670964549,,,,,,,,,,,,,,,,,False,False,False,False,False
